번호,대리점,이름,연락처,생년월일,주소,면허종류,흡연유무,탁송보험,사고점수,평점,고객리뷰,신뢰도,등급,비고
26_1,서울동부대리점,강지수,010-7532-5936,851054,서울동부 중앙9길 13,1종 대형,무,DB손해,6,98,100,90,B,
26_2,서울동부대리점,한서아,010-2929-1492,741088,서울동부 강남대로 100,1종 대형,무,KB손해,6,90,93,95,B,
26_3,서울동부대리점,최이안,010-1801-9944,731198,서울동부 강남대로 100,2종 보통,무,KB손해,3,100,95,93,A,
26_4,서울동부대리점,장성우,010-1876-7154,701105,서울동부 효자동 123-9,2종 보통,무,KB손해,7,95,97,92,C,
26_5,서울동부대리점,정하윤,010-7434-7623,651082,서울동부 효자동 123-9,1종 보통,무,현대해상,3,91,90,100,B,
26_6,서울동부대리점,김민준,010-1387-1893,531117,서울동부 효자동 123-9,1종 대형,무,KB손해,5,93,95,99,C,
26_7,서울동부대리점,김민준,010-6862-4450,561135,서울동부 강남대로 100,1종 대형,무,KB손해,2,90,100,96,B,
26_8,서울동부대리점,박도현,010-8298-5432,551168,서울동부 중앙9길 13,1종 보통,무,DB손해,3,100,94,97,B,
26_9,서울동부대리점,박도현,010-5038-7274,971069,서울동부 중앙9길 13,2종 보통,무,DB손해,8,99,98,95,B,
26_10,서울동부대리점,장성우,010-1949-6350,831054,서울동부 강남대로 100,1종 보통,무,KB손해,2,90,100,100,A,
26_11,서울동부대리점,김민준,010-4785-4659,911174,서울동부 중앙9길 13,2종 보통,무,현대해상,1,97,94,94,C,
26_12,서울동부대리점,강지수,010-3881-3573,891045,서울동부 중앙9길 13,1종 대형,무,KB손해,10,93,97,90,A,
26_13,서울동부대리점,최이안,010-6004-3324,871075,서울동부 효자동 123-9,2종 보통,무,KB손해,0,95,95,96,A,
26_14,서울동부대리점,장성우,010-1920-3176,991040,서울동부 효자동 123-9,2종 보통,무,KB손해,7,94,99,94,C,
26_15,서울동부대리점,최이안,010-6607-7870,731033,서울동부 효자동 123-9,2종 보통,무,현대해상,5,98,92,90,B,
26_16,서울동부대리점,강지수,010-8091-2105,591041,서울동부 강남대로 100,1종 보통,무,DB손해,2,100,99,95,C,
26_17,서울동부대리점,박도현,010-7205-3815,601016,서울동부 효자동 123-9,1종 보통,무,KB손해,10,94,90,97,B,
26_18,서울동부대리점,박도현,010-8413-2044,791063,서울동부 강남대로 100,1종 보통,무,현대해상,6,96,98,91,C,
26_19,서울동부대리점,이서준,010-7627-2614,811013,서울동부 강남대로 100,2종 보통,무,DB손해,1,93,96,97,B,
26_20,서울동부대리점,이서준,010-3412-3696,711165,서울동부 중앙9길 13,2종 보통,무,DB손해,9,98,92,93,C,
26_21,서울동부대리점,송지아,010-1718-9841,691096,서울동부 효자동 123-9,1종 대형,무,현대해상,10,97,93,97,C,
26_22,서울동부대리점,장병국,010-3496-1445,801227,서울동부 중앙9길 13,1종 대형,무,KB손해,3,95,96,91,A,
26_23,서울동부대리점,정하윤,010-6871-8306,881170,서울동부 강남대로 100,2종 보통,무,DB손해,4,91,91,97,C,
26_24,서울동부대리점,정하윤,010-7275-1359,591016,서울동부 중앙9길 13,1종 대형,무,현대해상,10,94,92,96,A,
26_25,서울동부대리점,김민준,010-2206-5508,531071,서울동부 효자동 123-9,1종 보통,무,DB손해,0,90,100,92,C,
26_26,서울동부대리점,김민준,010-6870-9612,541107,서울동부 중앙9길 13,1종 보통,무,DB손해,1,91,91,97,C,
26_27,서울동부대리점,한서아,010-2502-3276,931003,서울동부 강남대로 100,1종 대형,무,KB손해,4,99,91,99,B,
26_28,서울동부대리점,강지수,010-1722-1565,741220,서울동부 효자동 123-9,2종 보통,무,현대해상,5,91,93,91,C,
26_29,서울동부대리점,장성우,010-8916-1822,981093,서울동부 강남대로 100,1종 대형,무,DB손해,8,93,95,90,B,
26_30,서울동부대리점,송지아,010-2533-1203,591025,서울동부 중앙9길 13,2종 보통,무,현대해상,6,96,94,96,C,
26_31,서울동부대리점,강지수,010-2323-3494,771014,서울동부 효자동 123-9,2종 보통,무,현대해상,2,99,99,94,C,
26_32,서울동부대리점,이서준,010-1113-8329,541056,서울동부 중앙9길 13,1종 보통,무,KB손해,3,92,94,92,A,
26_33,서울동부대리점,송지아,010-6095-3007,661182,서울동부 중앙9길 13,2종 보통,무,KB손해,8,90,96,91,B,
26_34,서울동부대리점,한서아,010-8430-3514,741224,서울동부 효자동 123-9,1종 보통,무,KB손해,6,98,92,98,A,
26_35,서울동부대리점,강지수,010-9006-9559,781227,서울동부 효자동 123-9,1종 대형,무,DB손해,10,98,97,93,C,
26_36,서울동부대리점,송지아,010-7313-8741,881057,서울동부 중앙9길 13,1종 보통,무,현대해상,6,91,91,93,A,
26_37,서울동부대리점,최이안,010-5645-4428,531200,서울동부 중앙9길 13,1종 대형,무,현대해상,9,95,91,97,A,
26_38,서울동부대리점,이서준,010-3586-8327,711183,서울동부 강남대로 100,1종 보통,무,DB손해,0,99,95,97,B,
26_39,서울동부대리점,한서아,010-4138-4447,731212,서울동부 효자동 123-9,1종 대형,무,KB손해,1,93,92,92,B,
26_40,서울동부대리점,장병국,010-2821-6986,891188,서울동부 강남대로 100,1종 보통,무,DB손해,2,91,93,91,C,
26_41,서울동부대리점,송지아,010-1914-1873,701194,서울동부 효자동 123-9,1종 보통,무,DB손해,5,96,90,97,A,
26_42,서울동부대리점,김민준,010-6866-1575,711197,서울동부 효자동 123-9,1종 대형,무,KB손해,10,96,94,93,A,
26_43,서울동부대리점,송지아,010-4955-5593,931204,서울동부 강남대로 100,2종 보통,무,현대해상,4,100,91,92,A,
26_44,서울동부대리점,박도현,010-1935-5989,681045,서울동부 중앙9길 13,1종 보통,무,KB손해,5,100,93,96,A,
26_45,서울동부대리점,한서아,010-6830-2059,581043,서울동부 강남대로 100,1종 대형,무,현대해상,2,100,92,97,B,
26_46,서울동부대리점,송지아,010-2372-5458,851070,서울동부 강남대로 100,2종 보통,무,현대해상,9,92,99,94,B,
26_47,서울동부대리점,강지수,010-6689-7427,771004,서울동부 효자동 123-9,2종 보통,무,KB손해,3,97,99,93,C,
26_48,서울동부대리점,김민준,010-1996-4587,781131,서울동부 강남대로 100,2종 보통,무,KB손해,1,95,91,92,C,
26_49,서울동부대리점,장병국,010-2175-1865,921020,서울동부 중앙9길 13,1종 대형,무,DB손해,2,97,93,95,B,
26_50,서울동부대리점,최이안,010-5018-9237,901212,서울동부 중앙9길 13,1종 보통,무,현대해상,4,99,97,98,A,
26_51,서울동부대리점,이서준,010-2634-9404,881007,서울동부 강남대로 100,2종 보통,무,DB손해,1,91,97,99,B,
26_52,서울동부대리점,김민준,010-6415-8194,881038,서울동부 강남대로 100,1종 보통,무,KB손해,0,90,92,92,B,
26_53,서울동부대리점,강지수,010-6363-2752,791112,서울동부 강남대로 100,1종 대형,무,현대해상,2,90,95,91,C,
26_54,서울동부대리점,정하윤,010-3027-8617,581033,서울동부 효자동 123-9,1종 대형,무,KB손해,5,98,100,96,C,
26_55,서울동부대리점,송지아,010-9888-9930,641039,서울동부 강남대로 100,2종 보통,무,KB손해,10,100,92,95,A,
26_56,서울동부대리점,김민준,010-6726-8197,841016,서울동부 강남대로 100,1종 보통,무,KB손해,5,92,95,97,A,
26_57,서울동부대리점,강지수,010-7276-3749,931038,서울동부 효자동 123-9,2종 보통,무,KB손해,6,98,95,96,C,
26_58,서울동부대리점,최이안,010-7158-1866,501155,서울동부 중앙9길 13,1종 보통,무,KB손해,9,100,93,91,A,
26_59,서울동부대리점,한서아,010-8780-2853,611208,서울동부 강남대로 100,2종 보통,무,DB손해,9,97,90,95,C,
26_60,서울동부대리점,이서준,010-9572-2403,801110,서울동부 중앙9길 13,1종 대형,무,KB손해,10,97,100,93,C,
26_61,서울동부대리점,박도현,010-8739-4718,731225,서울동부 효자동 123-9,1종 대형,무,DB손해,5,96,95,99,B,
26_62,서울동부대리점,한서아,010-3196-3114,711076,서울동부 중앙9길 13,1종 대형,무,DB손해,8,90,95,92,A,
26_63,서울동부대리점,한서아,010-9864-5383,971030,서울동부 효자동 123-9,1종 보통,무,KB손해,7,93,94,98,B,
26_64,서울동부대리점,강지수,010-7258-6995,751056,서울동부 중앙9길 13,1종 대형,무,현대해상,3,95,94,98,C,
26_65,서울동부대리점,정하윤,010-6416-9199,761100,서울동부 중앙9길 13,1종 대형,무,KB손해,5,90,90,96,B,
26_66,서울동부대리점,김민준,010-8153-5271,581009,서울동부 강남대로 100,1종 보통,무,KB손해,6,93,100,97,B,
26_67,서울동부대리점,장병국,010-9511-7066,981065,서울동부 강남대로 100,1종 대형,무,DB손해,9,98,99,97,A,
26_68,서울동부대리점,송지아,010-2571-3520,671172,서울동부 강남대로 100,2종 보통,무,KB손해,9,98,98,91,A,
26_69,서울동부대리점,김민준,010-6971-4734,711092,서울동부 중앙9길 13,1종 보통,무,KB손해,8,90,93,99,C,
26_70,서울동부대리점,장병국,010-8433-7900,941012,서울동부 효자동 123-9,2종 보통,무,현대해상,4,96,100,97,A,
26_71,서울동부대리점,박도현,010-7644-3670,521010,서울동부 중앙9길 13,1종 대형,무,DB손해,5,100,100,94,A,
26_72,서울동부대리점,최이안,010-3382-3663,651078,서울동부 중앙9길 13,2종 보통,무,DB손해,1,99,91,94,C,
26_73,서울동부대리점,장병국,010-1852-1309,641097,서울동부 강남대로 100,2종 보통,무,현대해상,5,97,91,92,B,
26_74,서울동부대리점,정하윤,010-2281-2995,761200,서울동부 중앙9길 13,2종 보통,무,DB손해,10,100,90,90,A,
26_75,서울동부대리점,박도현,010-2161-5127,811141,서울동부 효자동 123-9,1종 보통,무,KB손해,0,95,90,90,A,
26_76,서울동부대리점,장병국,010-1253-3492,521003,서울동부 효자동 123-9,1종 보통,무,현대해상,10,95,94,95,C,
26_77,서울동부대리점,한서아,010-3037-5811,581046,서울동부 효자동 123-9,1종 대형,무,KB손해,2,97,98,95,C,
26_78,서울동부대리점,김민준,010-9153-3121,531212,서울동부 효자동 123-9,1종 대형,무,DB손해,8,90,94,98,B,
26_79,서울동부대리점,장병국,010-9409-3825,571121,서울동부 중앙9길 13,1종 보통,무,DB손해,6,96,97,100,A,
26_80,서울동부대리점,이서준,010-4665-4935,761088,서울동부 강남대로 100,2종 보통,무,현대해상,0,95,98,99,A,
26_81,서울동부대리점,장병국,010-8356-1480,941113,서울동부 효자동 123-9,1종 대형,무,현대해상,7,90,97,94,B,
26_82,서울동부대리점,송지아,010-1677-4563,831086,서울동부 효자동 123-9,1종 대형,무,DB손해,6,94,98,100,B,
26_83,서울동부대리점,장병국,010-5910-5738,541172,서울동부 중앙9길 13,1종 보통,무,KB손해,10,100,94,99,B,
26_84,서울동부대리점,송지아,010-9884-6765,691172,서울동부 효자동 123-9,2종 보통,무,현대해상,7,90,98,100,C,
26_85,서울동부대리점,장병국,010-8831-3053,561064,서울동부 효자동 123-9,1종 보통,무,DB손해,7,96,99,94,A,
26_86,서울동부대리점,장병국,010-7818-5285,851123,서울동부 중앙9길 13,1종 보통,무,현대해상,7,93,93,90,B,
26_87,서울동부대리점,김민준,010-9524-4550,911224,서울동부 효자동 123-9,1종 대형,무,현대해상,7,92,90,94,B,
26_88,서울동부대리점,이서준,010-6036-4672,501087,서울동부 중앙9길 13,1종 대형,무,KB손해,6,93,98,97,A,
26_89,서울동부대리점,박도현,010-4350-9524,571038,서울동부 효자동 123-9,1종 보통,무,DB손해,3,96,90,99,B,
26_90,서울동부대리점,정하윤,010-1849-9242,511118,서울동부 중앙9길 13,2종 보통,무,DB손해,9,95,96,97,C,
26_91,서울동부대리점,강지수,010-4728-5031,731123,서울동부 효자동 123-9,1종 대형,무,KB손해,5,95,93,93,B,
26_92,서울동부대리점,강지수,010-6313-1405,901179,서울동부 효자동 123-9,1종 대형,무,DB손해,4,98,96,96,A,
26_93,서울동부대리점,장병국,010-2703-3966,901107,서울동부 중앙9길 13,1종 보통,무,DB손해,1,96,92,93,A,
26_94,서울동부대리점,강지수,010-3397-8574,881223,서울동부 효자동 123-9,1종 대형,무,DB손해,6,97,99,99,A,
26_95,서울동부대리점,장성우,010-2434-3826,841046,서울동부 효자동 123-9,1종 대형,무,현대해상,8,90,99,91,A,
26_96,서울동부대리점,김민준,010-9219-7571,601104,서울동부 중앙9길 13,1종 대형,무,DB손해,4,96,93,93,C,
26_97,서울동부대리점,정하윤,010-5001-9139,621139,서울동부 중앙9길 13,1종 보통,무,현대해상,4,99,93,92,B,
26_98,서울동부대리점,장병국,010-4690-7511,941191,서울동부 강남대로 100,1종 대형,무,KB손해,1,95,94,93,A,
26_99,서울동부대리점,장성우,010-5432-4813,621087,서울동부 효자동 123-9,2종 보통,무,DB손해,10,94,96,94,A,
26_100,서울동부대리점,장병국,010-5674-6984,561086,서울동부 효자동 123-9,1종 보통,무,KB손해,2,94,95,97,C,
26_101,성남태평대리점,최이안,010-3886-4979,711052,성남태평 효자동 123-9,1종 보통,무,KB손해,1,98,100,94,B,
26_102,성남태평대리점,이서준,010-8132-7588,631164,성남태평 강남대로 100,1종 보통,무,KB손해,0,90,96,98,C,
26_103,성남태평대리점,정하윤,010-3322-2878,971010,성남태평 중앙9길 13,1종 대형,무,KB손해,7,98,94,95,C,
26_104,성남태평대리점,장병국,010-6949-2942,681061,성남태평 중앙9길 13,1종 대형,무,DB손해,10,100,93,97,C,
26_105,성남태평대리점,박도현,010-4136-7517,891028,성남태평 강남대로 100,2종 보통,무,KB손해,9,93,91,99,A,
26_106,성남태평대리점,장병국,010-1988-9743,601179,성남태평 강남대로 100,1종 대형,무,KB손해,3,91,100,100,A,
26_107,성남태평대리점,최이안,010-3835-2534,761055,성남태평 중앙9길 13,1종 보통,무,KB손해,5,99,94,93,B,
26_108,성남태평대리점,장성우,010-2512-7832,971006,성남태평 강남대로 100,2종 보통,무,DB손해,6,99,96,93,B,
26_109,성남태평대리점,강지수,010-2439-9457,951217,성남태평 강남대로 100,1종 보통,무,현대해상,2,97,94,99,C,
26_110,성남태평대리점,김민준,010-1388-2065,731218,성남태평 강남대로 100,1종 보통,무,KB손해,5,93,100,93,B,
26_111,성남태평대리점,이서준,010-6159-3351,901187,성남태평 강남대로 100,1종 보통,무,KB손해,9,94,99,96,C,
26_112,성남태평대리점,이서준,010-8731-3066,561014,성남태평 강남대로 100,1종 보통,무,현대해상,8,96,99,99,C,
26_113,성남태평대리점,정하윤,010-2633-6398,931092,성남태평 중앙9길 13,1종 대형,무,DB손해,7,93,99,99,B,
26_114,성남태평대리점,한서아,010-4746-8255,701039,성남태평 강남대로 100,2종 보통,무,DB손해,9,94,99,94,A,
26_115,성남태평대리점,이서준,010-9129-9862,931206,성남태평 중앙9길 13,1종 대형,무,KB손해,0,100,96,90,C,
26_116,성남태평대리점,송지아,010-5023-4056,871213,성남태평 효자동 123-9,1종 대형,무,KB손해,1,91,93,92,B,
26_117,성남태평대리점,박도현,010-4735-1037,941190,성남태평 중앙9길 13,1종 대형,무,DB손해,6,90,99,91,A,
26_118,성남태평대리점,강지수,010-1036-8302,721122,성남태평 중앙9길 13,1종 보통,무,KB손해,6,95,94,92,C,
26_119,성남태평대리점,장병국,010-4739-7815,931034,성남태평 강남대로 100,1종 보통,무,DB손해,2,95,93,90,A,
26_120,성남태평대리점,장성우,010-7857-8915,741138,성남태평 강남대로 100,1종 보통,무,현대해상,3,95,97,98,C,
26_121,성남태평대리점,강지수,010-1646-7813,741160,성남태평 중앙9길 13,1종 보통,무,현대해상,10,100,97,96,C,
26_122,성남태평대리점,최이안,010-4357-2478,511078,성남태평 중앙9길 13,1종 대형,무,DB손해,9,93,91,90,C,
26_123,성남태평대리점,장성우,010-7394-7747,791034,성남태평 효자동 123-9,1종 보통,무,DB손해,0,90,97,97,A,
26_124,성남태평대리점,송지아,010-8382-8946,851134,성남태평 효자동 123-9,1종 대형,무,현대해상,3,100,94,95,C,
26_125,성남태평대리점,정하윤,010-5157-9387,651209,성남태평 효자동 123-9,1종 대형,무,현대해상,10,96,99,90,C,
26_126,성남태평대리점,김민준,010-3905-1486,761131,성남태평 중앙9길 13,2종 보통,무,DB손해,0,94,90,96,B,
26_127,성남태평대리점,박도현,010-9252-7716,891027,성남태평 효자동 123-9,1종 대형,무,DB손해,6,93,97,98,B,
26_128,성남태평대리점,최이안,010-1811-1681,841167,성남태평 중앙9길 13,1종 보통,무,DB손해,5,95,93,100,A,
26_129,성남태평대리점,송지아,010-1495-6183,641146,성남태평 강남대로 100,1종 보통,무,KB손해,8,99,94,91,B,
26_130,성남태평대리점,강지수,010-1627-8329,951079,성남태평 중앙9길 13,1종 보통,무,DB손해,10,100,99,96,B,
26_131,성남태평대리점,김민준,010-9726-6203,751160,성남태평 중앙9길 13,1종 보통,무,KB손해,1,96,100,92,A,
26_132,성남태평대리점,박도현,010-3375-6136,781146,성남태평 중앙9길 13,1종 대형,무,현대해상,7,92,100,93,A,
26_133,성남태평대리점,한서아,010-9031-7135,841071,성남태평 중앙9길 13,1종 대형,무,KB손해,4,100,98,94,B,
26_134,성남태평대리점,장성우,010-7795-4418,861195,성남태평 강남대로 100,1종 보통,무,DB손해,5,94,90,97,B,
26_135,성남태평대리점,한서아,010-9087-9353,661229,성남태평 효자동 123-9,1종 대형,무,현대해상,7,98,100,93,C,
26_136,성남태평대리점,박도현,010-5270-5444,681205,성남태평 중앙9길 13,1종 보통,무,KB손해,4,90,98,94,A,
26_137,성남태평대리점,한서아,010-1788-5451,971102,성남태평 강남대로 100,1종 보통,무,DB손해,3,97,92,97,C,
26_138,성남태평대리점,정하윤,010-4091-7681,651103,성남태평 효자동 123-9,1종 대형,무,현대해상,4,93,91,93,C,
26_139,성남태평대리점,강지수,010-1909-2521,861152,성남태평 강남대로 100,1종 대형,무,DB손해,3,92,94,98,B,
26_140,성남태평대리점,김민준,010-7915-6382,771045,성남태평 중앙9길 13,2종 보통,무,KB손해,6,98,94,98,C,
26_141,성남태평대리점,이서준,010-7912-5519,941091,성남태평 중앙9길 13,2종 보통,무,현대해상,3,99,97,98,A,
26_142,성남태평대리점,장성우,010-3243-6370,741071,성남태평 강남대로 100,1종 대형,무,현대해상,2,95,94,90,C,
26_143,성남태평대리점,최이안,010-4113-4874,601154,성남태평 중앙9길 13,2종 보통,무,DB손해,5,93,98,94,B,
26_144,성남태평대리점,장병국,010-7531-7143,901138,성남태평 효자동 123-9,1종 보통,무,현대해상,8,91,92,94,C,
26_145,성남태평대리점,정하윤,010-4731-4546,721074,성남태평 강남대로 100,2종 보통,무,현대해상,2,95,99,91,A,
26_146,성남태평대리점,박도현,010-4305-6121,791141,성남태평 강남대로 100,1종 대형,무,DB손해,8,90,97,95,B,
26_147,성남태평대리점,이서준,010-2667-7625,791071,성남태평 중앙9길 13,2종 보통,무,DB손해,10,92,100,90,A,
26_148,성남태평대리점,이서준,010-6323-1443,961111,성남태평 강남대로 100,2종 보통,무,현대해상,4,97,98,92,A,
26_149,성남태평대리점,김민준,010-8065-1629,671195,성남태평 중앙9길 13,2종 보통,무,KB손해,1,100,97,96,C,
26_150,성남태평대리점,김민준,010-9728-2712,531142,성남태평 효자동 123-9,1종 보통,무,현대해상,2,92,95,93,B,
26_151,성남태평대리점,김민준,010-2674-2208,731145,성남태평 중앙9길 13,1종 대형,무,DB손해,1,94,92,93,C,
26_152,성남태평대리점,강지수,010-7012-9850,551072,성남태평 강남대로 100,1종 보통,무,현대해상,7,96,96,100,C,
26_153,성남태평대리점,정하윤,010-3749-5830,941177,성남태평 효자동 123-9,2종 보통,무,현대해상,5,100,94,95,B,
26_154,성남태평대리점,김민준,010-1749-1497,591214,성남태평 강남대로 100,1종 대형,무,KB손해,5,98,100,96,C,
26_155,성남태평대리점,김민준,010-4396-6604,801023,성남태평 효자동 123-9,2종 보통,무,KB손해,2,100,91,92,A,
26_156,성남태평대리점,최이안,010-7110-8935,991170,성남태평 중앙9길 13,1종 보통,무,DB손해,3,93,97,90,A,
26_157,성남태평대리점,정하윤,010-3544-8261,791207,성남태평 효자동 123-9,1종 대형,무,DB손해,3,90,90,91,B,
26_158,성남태평대리점,최이안,010-5993-6424,731166,성남태평 강남대로 100,2종 보통,무,현대해상,7,98,94,97,B,
26_159,성남태평대리점,최이안,010-5510-2755,651221,성남태평 효자동 123-9,1종 보통,무,KB손해,3,97,93,100,A,
26_160,성남태평대리점,박도현,010-2830-7443,731062,성남태평 효자동 123-9,1종 대형,무,현대해상,10,97,90,97,B,
26_161,성남태평대리점,박도현,010-2884-7686,851174,성남태평 중앙9길 13,2종 보통,무,DB손해,8,99,95,95,C,
26_162,성남태평대리점,송지아,010-9783-8972,931145,성남태평 강남대로 100,2종 보통,무,현대해상,0,92,90,95,B,
26_163,성남태평대리점,강지수,010-2359-7213,901195,성남태평 효자동 123-9,2종 보통,무,DB손해,3,93,92,100,A,
26_164,성남태평대리점,이서준,010-8819-2084,571134,성남태평 효자동 123-9,1종 보통,무,KB손해,6,90,97,91,A,
26_165,성남태평대리점,이서준,010-9423-8035,951097,성남태평 강남대로 100,1종 대형,무,DB손해,10,96,99,93,B,
26_166,성남태평대리점,장성우,010-2064-9277,931164,성남태평 효자동 123-9,2종 보통,무,DB손해,5,94,92,93,A,
26_167,성남태평대리점,강지수,010-6824-8248,831161,성남태평 효자동 123-9,1종 대형,무,DB손해,7,93,94,95,C,
26_168,성남태평대리점,정하윤,010-5257-3885,561078,성남태평 강남대로 100,2종 보통,무,DB손해,2,99,98,97,C,
26_169,성남태평대리점,이서준,010-1579-5300,691226,성남태평 효자동 123-9,2종 보통,무,DB손해,9,98,96,98,B,
26_170,성남태평대리점,장성우,010-2257-7995,651169,성남태평 효자동 123-9,1종 대형,무,DB손해,4,100,99,97,B,
26_171,성남태평대리점,최이안,010-5290-3078,501176,성남태평 강남대로 100,1종 보통,무,KB손해,3,92,98,98,A,
26_172,성남태평대리점,박도현,010-5506-6771,911180,성남태평 효자동 123-9,2종 보통,무,KB손해,3,100,99,99,B,
26_173,성남태평대리점,정하윤,010-7656-8404,881213,성남태평 중앙9길 13,1종 대형,무,현대해상,0,90,94,93,B,
26_174,성남태평대리점,김민준,010-1401-1669,741099,성남태평 중앙9길 13,1종 보통,무,KB손해,4,95,95,96,B,
26_175,성남태평대리점,최이안,010-8853-7509,841074,성남태평 중앙9길 13,1종 대형,무,현대해상,7,94,94,94,C,
26_176,성남태평대리점,장성우,010-8001-3186,671040,성남태평 효자동 123-9,1종 대형,무,DB손해,5,95,96,95,A,
26_177,성남태평대리점,송지아,010-2415-2587,651155,성남태평 강남대로 100,1종 대형,무,현대해상,8,92,91,94,A,
26_178,성남태평대리점,장병국,010-9438-5127,881147,성남태평 강남대로 100,2종 보통,무,DB손해,4,99,93,91,C,
26_179,성남태평대리점,장병국,010-8974-3574,621150,성남태평 강남대로 100,2종 보통,무,DB손해,4,98,98,96,C,
26_180,성남태평대리점,강지수,010-8298-8587,791142,성남태평 강남대로 100,1종 보통,무,현대해상,1,91,90,99,C,
26_181,성남태평대리점,김민준,010-3970-8320,711146,성남태평 효자동 123-9,1종 보통,무,KB손해,8,100,95,90,B,
26_182,성남태평대리점,최이안,010-1305-7580,801093,성남태평 중앙9길 13,1종 대형,무,현대해상,5,96,94,90,B,
26_183,성남태평대리점,최이안,010-6474-1352,751202,성남태평 효자동 123-9,1종 대형,무,KB손해,8,98,99,96,A,
26_184,성남태평대리점,장성우,010-2755-1124,871218,성남태평 강남대로 100,2종 보통,무,KB손해,6,96,97,100,A,
26_185,성남태평대리점,김민준,010-8666-3994,881036,성남태평 효자동 123-9,1종 보통,무,현대해상,4,92,95,95,B,
26_186,성남태평대리점,이서준,010-2757-9143,741169,성남태평 중앙9길 13,1종 대형,무,DB손해,9,96,92,98,B,
26_187,성남태평대리점,장병국,010-7516-2562,621098,성남태평 효자동 123-9,1종 대형,무,DB손해,6,95,96,97,C,
26_188,성남태평대리점,이서준,010-6364-2347,541185,성남태평 효자동 123-9,2종 보통,무,현대해상,10,95,97,100,B,
26_189,성남태평대리점,김민준,010-2137-5139,621176,성남태평 중앙9길 13,2종 보통,무,KB손해,6,98,100,92,B,
26_190,성남태평대리점,정하윤,010-9001-9167,521048,성남태평 효자동 123-9,1종 대형,무,DB손해,5,92,93,94,B,
26_191,성남태평대리점,김민준,010-3663-7687,591230,성남태평 효자동 123-9,1종 대형,무,DB손해,0,95,98,92,B,
26_192,성남태평대리점,장성우,010-5386-5815,671092,성남태평 효자동 123-9,2종 보통,무,DB손해,1,99,100,90,C,
26_193,성남태평대리점,최이안,010-2889-8106,531111,성남태평 중앙9길 13,1종 보통,무,현대해상,1,97,91,95,B,
26_194,성남태평대리점,정하윤,010-2756-8563,561205,성남태평 효자동 123-9,2종 보통,무,DB손해,9,97,91,93,B,
26_195,성남태평대리점,이서준,010-2180-1541,701073,성남태평 강남대로 100,1종 보통,무,현대해상,7,90,96,98,B,
26_196,성남태평대리점,이서준,010-1797-3095,751086,성남태평 강남대로 100,1종 보통,무,KB손해,1,98,96,90,C,
26_197,성남태평대리점,송지아,010-2704-4722,571204,성남태평 효자동 123-9,1종 보통,무,DB손해,1,97,90,95,B,
26_198,성남태평대리점,강지수,010-1739-3133,901102,성남태평 강남대로 100,1종 대형,무,현대해상,1,98,98,97,A,
26_199,성남태평대리점,김민준,010-7185-2631,561160,성남태평 강남대로 100,1종 대형,무,DB손해,6,92,90,90,A,
26_200,성남태평대리점,장성우,010-6145-3879,901062,성남태평 중앙9길 13,2종 보통,무,KB손해,8,92,93,96,B,
26_201,경기덕양대리점,장성우,010-3767-4267,521045,경기덕양 중앙9길 13,2종 보통,무,DB손해,4,99,100,93,B,
26_202,경기덕양대리점,박도현,010-3040-2019,931020,경기덕양 강남대로 100,2종 보통,무,현대해상,3,100,94,90,C,
26_203,경기덕양대리점,김민준,010-5694-1296,551212,경기덕양 중앙9길 13,2종 보통,무,현대해상,4,96,90,100,B,
26_204,경기덕양대리점,송지아,010-2333-9569,961099,경기덕양 중앙9길 13,1종 대형,무,DB손해,9,93,99,94,B,
26_205,경기덕양대리점,이서준,010-8641-8665,781104,경기덕양 강남대로 100,1종 보통,무,현대해상,2,97,99,96,C,
26_206,경기덕양대리점,송지아,010-4708-7935,841112,경기덕양 효자동 123-9,2종 보통,무,DB손해,9,97,99,90,A,
26_207,경기덕양대리점,최이안,010-1711-4370,531080,경기덕양 중앙9길 13,2종 보통,무,현대해상,9,96,96,98,C,
26_208,경기덕양대리점,김민준,010-9307-6167,601202,경기덕양 효자동 123-9,2종 보통,무,KB손해,6,99,95,100,A,
26_209,경기덕양대리점,강지수,010-7204-9894,611207,경기덕양 강남대로 100,1종 보통,무,DB손해,9,95,91,100,A,
26_210,경기덕양대리점,박도현,010-4118-4711,561011,경기덕양 중앙9길 13,1종 대형,무,현대해상,1,93,99,99,B,
26_211,경기덕양대리점,박도현,010-4621-8855,801027,경기덕양 효자동 123-9,1종 보통,무,현대해상,1,99,92,100,C,
26_212,경기덕양대리점,송지아,010-9788-8004,811221,경기덕양 중앙9길 13,2종 보통,무,KB손해,0,92,96,92,C,
26_213,경기덕양대리점,강지수,010-4789-7185,961011,경기덕양 강남대로 100,1종 보통,무,KB손해,3,91,99,93,A,
26_214,경기덕양대리점,송지아,010-5018-2314,631072,경기덕양 강남대로 100,1종 대형,무,현대해상,2,98,90,98,C,
26_215,경기덕양대리점,최이안,010-4545-5654,531146,경기덕양 중앙9길 13,1종 대형,무,KB손해,0,93,92,99,C,
26_216,경기덕양대리점,장병국,010-3426-3443,561138,경기덕양 중앙9길 13,1종 대형,무,현대해상,6,92,91,93,B,
26_217,경기덕양대리점,장성우,010-4011-7334,761128,경기덕양 중앙9길 13,2종 보통,무,DB손해,10,97,92,99,A,
26_218,경기덕양대리점,정하윤,010-8426-7903,611091,경기덕양 중앙9길 13,1종 보통,무,KB손해,4,99,94,91,A,
26_219,경기덕양대리점,송지아,010-8089-4974,571139,경기덕양 강남대로 100,2종 보통,무,DB손해,5,97,94,92,A,
26_220,경기덕양대리점,장병국,010-2252-9335,931142,경기덕양 효자동 123-9,1종 보통,무,DB손해,5,91,92,95,B,
26_221,경기덕양대리점,장성우,010-5354-6435,511027,경기덕양 효자동 123-9,1종 보통,무,DB손해,5,92,100,93,A,
26_222,경기덕양대리점,송지아,010-5708-3247,781047,경기덕양 효자동 123-9,2종 보통,무,KB손해,0,92,97,99,C,
26_223,경기덕양대리점,송지아,010-5286-5357,551119,경기덕양 효자동 123-9,1종 대형,무,DB손해,0,97,96,96,A,
26_224,경기덕양대리점,박도현,010-1835-7333,961100,경기덕양 강남대로 100,1종 대형,무,현대해상,0,94,98,96,B,
26_225,경기덕양대리점,강지수,010-7871-8030,711025,경기덕양 중앙9길 13,1종 대형,무,현대해상,6,99,90,100,B,
26_226,경기덕양대리점,송지아,010-8541-6257,891171,경기덕양 강남대로 100,1종 대형,무,DB손해,1,90,100,92,B,
26_227,경기덕양대리점,장성우,010-2716-1968,811195,경기덕양 중앙9길 13,1종 대형,무,DB손해,2,99,97,92,A,
26_228,경기덕양대리점,강지수,010-9561-6592,981161,경기덕양 효자동 123-9,1종 보통,무,KB손해,5,100,91,99,B,
26_229,경기덕양대리점,한서아,010-6975-2860,981207,경기덕양 효자동 123-9,2종 보통,무,DB손해,9,97,92,98,B,
26_230,경기덕양대리점,정하윤,010-1224-4607,891072,경기덕양 강남대로 100,1종 보통,무,현대해상,0,94,91,90,B,
26_231,경기덕양대리점,최이안,010-6096-7716,791215,경기덕양 강남대로 100,1종 대형,무,KB손해,1,91,93,100,A,
26_232,경기덕양대리점,장병국,010-4693-8758,931055,경기덕양 효자동 123-9,1종 보통,무,현대해상,9,94,91,95,A,
26_233,경기덕양대리점,송지아,010-2698-7871,951125,경기덕양 효자동 123-9,2종 보통,무,KB손해,10,99,95,95,C,
26_234,경기덕양대리점,강지수,010-8448-5493,671230,경기덕양 강남대로 100,1종 보통,무,KB손해,10,92,93,98,C,
26_235,경기덕양대리점,강지수,010-3156-4253,551164,경기덕양 중앙9길 13,1종 대형,무,DB손해,6,95,91,99,B,
26_236,경기덕양대리점,한서아,010-4192-4863,861023,경기덕양 효자동 123-9,2종 보통,무,KB손해,0,97,100,91,A,
26_237,경기덕양대리점,이서준,010-6011-5943,771231,경기덕양 중앙9길 13,1종 보통,무,현대해상,4,96,94,97,A,
26_238,경기덕양대리점,장병국,010-7214-5842,531009,경기덕양 강남대로 100,1종 대형,무,KB손해,2,94,98,95,A,
26_239,경기덕양대리점,박도현,010-6868-2437,591033,경기덕양 효자동 123-9,2종 보통,무,DB손해,5,98,95,90,B,
26_240,경기덕양대리점,장병국,010-7564-8024,951149,경기덕양 효자동 123-9,2종 보통,무,현대해상,8,100,100,96,C,
26_241,경기덕양대리점,한서아,010-7791-3811,951124,경기덕양 중앙9길 13,1종 보통,무,KB손해,10,92,90,94,C,
26_242,경기덕양대리점,최이안,010-6147-4706,731124,경기덕양 효자동 123-9,2종 보통,무,DB손해,7,94,99,99,B,
26_243,경기덕양대리점,김민준,010-3900-2166,981203,경기덕양 효자동 123-9,1종 대형,무,KB손해,3,95,91,91,C,
26_244,경기덕양대리점,장병국,010-5839-3538,541039,경기덕양 강남대로 100,2종 보통,무,KB손해,0,99,94,98,C,
26_245,경기덕양대리점,최이안,010-5263-9995,911188,경기덕양 효자동 123-9,1종 보통,무,DB손해,2,99,99,96,A,
26_246,경기덕양대리점,김민준,010-6983-6695,841172,경기덕양 효자동 123-9,2종 보통,무,현대해상,0,95,96,90,C,
26_247,경기덕양대리점,박도현,010-4020-1626,811039,경기덕양 강남대로 100,1종 대형,무,KB손해,2,91,93,96,B,
26_248,경기덕양대리점,이서준,010-1783-1872,571055,경기덕양 중앙9길 13,2종 보통,무,KB손해,3,91,95,98,B,
26_249,경기덕양대리점,김민준,010-3667-1731,801148,경기덕양 강남대로 100,2종 보통,무,현대해상,8,90,99,100,B,
26_250,경기덕양대리점,장병국,010-8024-8563,501205,경기덕양 효자동 123-9,1종 보통,무,현대해상,5,97,99,96,A,
26_251,경기덕양대리점,강지수,010-5645-5277,831112,경기덕양 강남대로 100,2종 보통,무,KB손해,8,97,100,93,A,
26_252,경기덕양대리점,이서준,010-6867-3432,561128,경기덕양 강남대로 100,2종 보통,무,KB손해,4,95,96,92,B,
26_253,경기덕양대리점,박도현,010-8336-6538,921019,경기덕양 효자동 123-9,2종 보통,무,KB손해,1,99,90,98,B,
26_254,경기덕양대리점,강지수,010-1965-9813,861141,경기덕양 강남대로 100,1종 보통,무,현대해상,7,99,94,95,B,
26_255,경기덕양대리점,정하윤,010-4982-7484,941111,경기덕양 중앙9길 13,1종 대형,무,KB손해,0,98,91,91,A,
26_256,경기덕양대리점,최이안,010-6836-9644,651026,경기덕양 중앙9길 13,1종 보통,무,KB손해,1,94,94,100,B,
26_257,경기덕양대리점,장병국,010-6663-5831,691073,경기덕양 중앙9길 13,1종 보통,무,현대해상,4,100,91,93,B,
26_258,경기덕양대리점,이서준,010-3927-7541,641151,경기덕양 효자동 123-9,1종 대형,무,KB손해,3,90,95,97,B,
26_259,경기덕양대리점,장병국,010-7477-7906,701141,경기덕양 효자동 123-9,1종 보통,무,현대해상,2,90,91,92,C,
26_260,경기덕양대리점,송지아,010-6885-5881,501112,경기덕양 중앙9길 13,1종 보통,무,DB손해,2,92,90,99,A,
26_261,경기덕양대리점,장성우,010-8175-7724,941114,경기덕양 효자동 123-9,1종 보통,무,DB손해,9,99,94,98,B,
26_262,경기덕양대리점,송지아,010-8546-7008,641084,경기덕양 효자동 123-9,1종 보통,무,DB손해,1,94,98,99,C,
26_263,경기덕양대리점,최이안,010-7131-6541,951021,경기덕양 효자동 123-9,1종 대형,무,DB손해,0,94,99,97,B,
26_264,경기덕양대리점,김민준,010-9782-3297,571199,경기덕양 중앙9길 13,1종 보통,무,KB손해,8,99,100,91,A,
26_265,경기덕양대리점,송지아,010-6435-4915,681050,경기덕양 효자동 123-9,2종 보통,무,DB손해,6,97,96,90,B,
26_266,경기덕양대리점,최이안,010-7847-9928,651054,경기덕양 효자동 123-9,1종 대형,무,현대해상,3,95,94,100,B,
26_267,경기덕양대리점,강지수,010-7529-4544,911036,경기덕양 강남대로 100,1종 대형,무,현대해상,7,100,100,94,A,
26_268,경기덕양대리점,한서아,010-5495-2975,891052,경기덕양 효자동 123-9,2종 보통,무,현대해상,7,92,91,93,B,
26_269,경기덕양대리점,정하윤,010-2780-9050,891052,경기덕양 중앙9길 13,1종 대형,무,KB손해,3,98,95,96,A,
26_270,경기덕양대리점,장성우,010-6611-5575,731113,경기덕양 효자동 123-9,1종 대형,무,DB손해,8,95,99,98,C,
26_271,경기덕양대리점,김민준,010-5140-6726,891048,경기덕양 효자동 123-9,1종 대형,무,KB손해,4,96,95,94,B,
26_272,경기덕양대리점,박도현,010-7585-1011,821166,경기덕양 강남대로 100,1종 대형,무,DB손해,9,90,94,90,B,
26_273,경기덕양대리점,강지수,010-1931-7667,791145,경기덕양 효자동 123-9,1종 보통,무,DB손해,3,100,91,99,C,
26_274,경기덕양대리점,장성우,010-3459-7592,801046,경기덕양 중앙9길 13,1종 대형,무,DB손해,7,92,97,90,C,
26_275,경기덕양대리점,이서준,010-1589-3252,681183,경기덕양 효자동 123-9,1종 대형,무,KB손해,0,100,92,93,A,
26_276,경기덕양대리점,정하윤,010-7491-2604,581083,경기덕양 강남대로 100,2종 보통,무,KB손해,6,90,94,99,A,
26_277,경기덕양대리점,한서아,010-4504-7137,601160,경기덕양 효자동 123-9,2종 보통,무,DB손해,6,99,92,91,B,
26_278,경기덕양대리점,장성우,010-8955-2465,671066,경기덕양 강남대로 100,1종 대형,무,현대해상,6,98,90,93,A,
26_279,경기덕양대리점,송지아,010-6015-4945,511229,경기덕양 효자동 123-9,1종 보통,무,KB손해,8,97,93,94,A,
26_280,경기덕양대리점,이서준,010-5527-9394,561013,경기덕양 중앙9길 13,2종 보통,무,DB손해,3,91,95,99,C,
26_281,경기덕양대리점,장병국,010-2679-8413,571099,경기덕양 효자동 123-9,1종 대형,무,현대해상,6,97,93,96,C,
26_282,경기덕양대리점,장성우,010-7955-1775,931016,경기덕양 중앙9길 13,2종 보통,무,현대해상,2,98,94,100,A,
26_283,경기덕양대리점,최이안,010-7087-3171,541016,경기덕양 강남대로 100,1종 대형,무,현대해상,10,91,97,90,C,
26_284,경기덕양대리점,한서아,010-1817-4505,671160,경기덕양 강남대로 100,2종 보통,무,현대해상,9,99,96,97,C,
26_285,경기덕양대리점,송지아,010-4130-5164,871143,경기덕양 강남대로 100,1종 대형,무,현대해상,9,92,95,96,B,
26_286,경기덕양대리점,김민준,010-9429-2386,961231,경기덕양 중앙9길 13,1종 대형,무,DB손해,8,92,98,98,A,
26_287,경기덕양대리점,강지수,010-3519-8749,691204,경기덕양 강남대로 100,1종 대형,무,KB손해,5,99,97,98,B,
26_288,경기덕양대리점,최이안,010-5697-3175,841218,경기덕양 강남대로 100,1종 대형,무,현대해상,4,97,91,99,C,
26_289,경기덕양대리점,장성우,010-4340-8544,691067,경기덕양 효자동 123-9,1종 대형,무,현대해상,0,95,94,91,C,
26_290,경기덕양대리점,장성우,010-8080-7965,801085,경기덕양 중앙9길 13,1종 보통,무,KB손해,1,99,100,91,C,
26_291,경기덕양대리점,최이안,010-9237-4221,541155,경기덕양 효자동 123-9,2종 보통,무,현대해상,8,98,93,99,C,
26_292,경기덕양대리점,강지수,010-8719-9839,751122,경기덕양 강남대로 100,1종 대형,무,KB손해,10,96,96,96,A,
26_293,경기덕양대리점,송지아,010-5367-1100,681169,경기덕양 강남대로 100,1종 대형,무,현대해상,3,97,93,99,B,
26_294,경기덕양대리점,한서아,010-1197-9772,771012,경기덕양 강남대로 100,1종 대형,무,현대해상,0,97,90,96,A,
26_295,경기덕양대리점,한서아,010-2802-9512,721031,경기덕양 강남대로 100,2종 보통,무,KB손해,6,90,97,97,A,
26_296,경기덕양대리점,이서준,010-2911-5218,871183,경기덕양 중앙9길 13,1종 대형,무,KB손해,5,96,94,94,A,
26_297,경기덕양대리점,장병국,010-6727-4667,791003,경기덕양 효자동 123-9,2종 보통,무,DB손해,5,98,98,96,A,
26_298,경기덕양대리점,박도현,010-3392-6576,501230,경기덕양 강남대로 100,1종 대형,무,DB손해,10,96,96,98,A,
26_299,경기덕양대리점,한서아,010-5704-3742,941199,경기덕양 효자동 123-9,1종 보통,무,KB손해,8,94,95,91,C,
26_300,경기덕양대리점,강지수,010-7692-2148,871015,경기덕양 효자동 123-9,1종 보통,무,현대해상,0,92,100,99,A,
26_301,인천대리점,김민준,010-1298-4524,921039,인천 강남대로 100,1종 보통,무,DB손해,0,92,96,90,C,
26_302,인천대리점,최이안,010-2228-5243,781046,인천 효자동 123-9,1종 보통,무,DB손해,5,97,94,91,B,
26_303,인천대리점,한서아,010-3390-1754,511204,인천 중앙9길 13,1종 보통,무,KB손해,1,90,97,98,B,
26_304,인천대리점,정하윤,010-2312-6692,681182,인천 강남대로 100,1종 보통,무,DB손해,3,96,90,96,B,
26_305,인천대리점,이서준,010-9742-5156,591107,인천 효자동 123-9,2종 보통,무,DB손해,8,98,99,100,B,
26_306,인천대리점,김민준,010-3445-3510,551146,인천 효자동 123-9,2종 보통,무,DB손해,9,93,99,91,C,
26_307,인천대리점,한서아,010-5303-9800,911208,인천 효자동 123-9,1종 대형,무,DB손해,5,90,92,96,C,
26_308,인천대리점,한서아,010-4531-9352,561167,인천 효자동 123-9,2종 보통,무,KB손해,6,95,98,100,C,
26_309,인천대리점,장성우,010-9860-5409,881224,인천 중앙9길 13,1종 대형,무,KB손해,3,93,97,92,B,
26_310,인천대리점,김민준,010-2041-5691,621199,인천 중앙9길 13,1종 보통,무,현대해상,10,95,97,94,C,
26_311,인천대리점,송지아,010-6115-7628,571152,인천 중앙9길 13,1종 보통,무,DB손해,4,100,98,96,C,
26_312,인천대리점,이서준,010-4217-1454,621188,인천 강남대로 100,1종 보통,무,KB손해,10,93,94,92,B,
26_313,인천대리점,장성우,010-1119-6189,781063,인천 중앙9길 13,1종 대형,무,KB손해,5,92,90,95,A,
26_314,인천대리점,장성우,010-4095-4830,651090,인천 중앙9길 13,1종 보통,무,DB손해,1,92,97,92,B,
26_315,인천대리점,강지수,010-3097-9650,631127,인천 중앙9길 13,1종 보통,무,KB손해,1,94,100,98,B,
26_316,인천대리점,정하윤,010-6454-1214,811153,인천 중앙9길 13,1종 대형,무,DB손해,10,91,92,95,C,
26_317,인천대리점,최이안,010-9404-1454,581123,인천 중앙9길 13,1종 보통,무,KB손해,0,93,95,90,B,
26_318,인천대리점,박도현,010-6897-5967,641217,인천 효자동 123-9,1종 보통,무,KB손해,4,93,96,93,A,
26_319,인천대리점,강지수,010-3946-4314,741197,인천 효자동 123-9,1종 보통,무,KB손해,9,92,98,96,A,
26_320,인천대리점,장병국,010-2014-3325,931134,인천 중앙9길 13,1종 대형,무,DB손해,0,91,90,92,A,
26_321,인천대리점,장병국,010-4786-1573,691034,인천 중앙9길 13,2종 보통,무,현대해상,9,94,100,90,C,
26_322,인천대리점,한서아,010-5881-4965,521159,인천 중앙9길 13,1종 대형,무,현대해상,9,98,97,91,C,
26_323,인천대리점,정하윤,010-2118-4438,581165,인천 효자동 123-9,1종 보통,무,KB손해,3,95,93,91,A,
26_324,인천대리점,정하윤,010-8078-5571,881084,인천 중앙9길 13,1종 대형,무,KB손해,0,96,94,100,C,
26_325,인천대리점,박도현,010-6007-8813,661065,인천 중앙9길 13,1종 보통,무,DB손해,6,94,91,97,C,
26_326,인천대리점,박도현,010-2182-5883,621173,인천 중앙9길 13,1종 보통,무,현대해상,10,98,94,90,B,
26_327,인천대리점,장성우,010-4811-5398,791066,인천 효자동 123-9,1종 보통,무,KB손해,10,97,97,98,C,
26_328,인천대리점,최이안,010-3411-6401,731161,인천 중앙9길 13,1종 보통,무,현대해상,0,98,90,94,B,
26_329,인천대리점,최이안,010-4822-4306,861095,인천 효자동 123-9,1종 보통,무,KB손해,0,99,96,98,B,
26_330,인천대리점,최이안,010-2375-8555,501028,인천 강남대로 100,1종 보통,무,현대해상,5,99,97,94,A,
26_331,인천대리점,한서아,010-2024-4639,871223,인천 강남대로 100,2종 보통,무,현대해상,2,98,96,90,C,
26_332,인천대리점,강지수,010-3620-8307,611132,인천 효자동 123-9,1종 보통,무,KB손해,6,95,91,98,B,
26_333,인천대리점,김민준,010-1975-8159,811182,인천 중앙9길 13,2종 보통,무,DB손해,0,100,97,99,A,
26_334,인천대리점,이서준,010-1976-2583,951092,인천 강남대로 100,1종 대형,무,KB손해,10,90,99,90,C,
26_335,인천대리점,이서준,010-5957-3932,761105,인천 효자동 123-9,2종 보통,무,현대해상,1,90,94,100,A,
26_336,인천대리점,박도현,010-6571-5428,961205,인천 강남대로 100,1종 대형,무,DB손해,9,98,97,93,C,
26_337,인천대리점,최이안,010-7158-7528,981118,인천 효자동 123-9,1종 보통,무,현대해상,2,97,91,93,C,
26_338,인천대리점,정하윤,010-7236-5171,731207,인천 강남대로 100,1종 보통,무,현대해상,10,94,90,96,C,
26_339,인천대리점,송지아,010-5269-4432,881023,인천 중앙9길 13,1종 대형,무,KB손해,4,90,94,99,A,
26_340,인천대리점,한서아,010-9584-2338,671029,인천 중앙9길 13,2종 보통,무,DB손해,5,91,95,95,A,
26_341,인천대리점,강지수,010-5076-6334,871015,인천 효자동 123-9,2종 보통,무,DB손해,3,98,100,94,C,
26_342,인천대리점,최이안,010-7575-1393,871131,인천 중앙9길 13,1종 대형,무,DB손해,3,96,93,90,B,
26_343,인천대리점,이서준,010-5187-1899,691047,인천 중앙9길 13,2종 보통,무,KB손해,0,93,93,97,A,
26_344,인천대리점,강지수,010-3199-1484,931157,인천 강남대로 100,1종 보통,무,DB손해,1,95,98,92,C,
26_345,인천대리점,강지수,010-7873-2759,691115,인천 강남대로 100,2종 보통,무,현대해상,7,99,94,92,C,
26_346,인천대리점,김민준,010-8379-1586,731194,인천 효자동 123-9,2종 보통,무,KB손해,3,95,100,96,A,
26_347,인천대리점,한서아,010-8132-8028,701197,인천 효자동 123-9,1종 보통,무,현대해상,9,90,91,97,C,
26_348,인천대리점,김민준,010-1302-3858,671130,인천 강남대로 100,2종 보통,무,KB손해,3,98,96,92,A,
26_349,인천대리점,김민준,010-1777-8663,731226,인천 중앙9길 13,2종 보통,무,DB손해,0,98,96,96,C,
26_350,인천대리점,장병국,010-6104-3897,621073,인천 중앙9길 13,2종 보통,무,KB손해,1,93,96,90,B,
26_351,인천대리점,이서준,010-6776-7177,891126,인천 강남대로 100,2종 보통,무,DB손해,0,91,92,94,C,
26_352,인천대리점,최이안,010-8910-5526,931058,인천 중앙9길 13,1종 보통,무,DB손해,5,99,91,95,B,
26_353,인천대리점,장성우,010-7058-2714,791006,인천 중앙9길 13,2종 보통,무,DB손해,7,90,96,98,C,
26_354,인천대리점,이서준,010-7900-6142,731219,인천 중앙9길 13,2종 보통,무,DB손해,2,91,98,99,A,
26_355,인천대리점,정하윤,010-9923-6754,531104,인천 효자동 123-9,2종 보통,무,DB손해,10,96,97,98,A,
26_356,인천대리점,이서준,010-2847-2369,821002,인천 강남대로 100,1종 대형,무,현대해상,0,90,99,91,B,
26_357,인천대리점,박도현,010-4302-2486,681216,인천 강남대로 100,2종 보통,무,DB손해,4,98,98,98,C,
26_358,인천대리점,한서아,010-5319-1331,671065,인천 강남대로 100,1종 보통,무,DB손해,6,91,99,94,C,
26_359,인천대리점,한서아,010-4747-7081,841059,인천 중앙9길 13,1종 대형,무,DB손해,5,100,97,91,C,
26_360,인천대리점,송지아,010-4622-3038,881025,인천 효자동 123-9,2종 보통,무,현대해상,1,90,98,95,A,
26_361,인천대리점,박도현,010-1900-4346,991047,인천 중앙9길 13,1종 보통,무,KB손해,4,96,96,95,C,
26_362,인천대리점,강지수,010-6212-2258,511212,인천 효자동 123-9,2종 보통,무,현대해상,9,100,100,91,C,
26_363,인천대리점,장병국,010-3468-6523,511072,인천 강남대로 100,1종 보통,무,DB손해,5,93,95,97,B,
26_364,인천대리점,정하윤,010-5972-9030,901168,인천 효자동 123-9,1종 대형,무,현대해상,7,96,98,100,A,
26_365,인천대리점,이서준,010-9267-8191,591049,인천 강남대로 100,1종 보통,무,DB손해,10,95,96,98,B,
26_366,인천대리점,박도현,010-2078-6647,531013,인천 중앙9길 13,2종 보통,무,KB손해,8,92,93,99,C,
26_367,인천대리점,박도현,010-6585-5819,601064,인천 중앙9길 13,1종 보통,무,DB손해,10,91,95,92,B,
26_368,인천대리점,김민준,010-4503-3353,931139,인천 강남대로 100,1종 보통,무,KB손해,5,95,94,93,A,
26_369,인천대리점,이서준,010-8482-8247,511038,인천 강남대로 100,1종 보통,무,현대해상,4,92,95,96,C,
26_370,인천대리점,한서아,010-1103-9929,961165,인천 강남대로 100,1종 보통,무,DB손해,6,99,96,98,A,
26_371,인천대리점,박도현,010-7351-9291,571042,인천 중앙9길 13,1종 대형,무,KB손해,1,93,90,95,B,
26_372,인천대리점,최이안,010-7265-6570,571066,인천 효자동 123-9,1종 대형,무,DB손해,4,91,91,92,A,
26_373,인천대리점,박도현,010-2524-8316,781004,인천 중앙9길 13,1종 대형,무,DB손해,0,94,93,92,C,
26_374,인천대리점,정하윤,010-8734-4239,931021,인천 중앙9길 13,2종 보통,무,KB손해,1,92,99,98,C,
26_375,인천대리점,이서준,010-8987-4849,871007,인천 강남대로 100,2종 보통,무,현대해상,6,96,90,93,B,
26_376,인천대리점,이서준,010-8058-6302,561206,인천 강남대로 100,2종 보통,무,현대해상,0,98,91,95,C,
26_377,인천대리점,이서준,010-1823-8902,731058,인천 효자동 123-9,1종 보통,무,KB손해,9,96,93,98,A,
26_378,인천대리점,김민준,010-5936-7533,691074,인천 중앙9길 13,1종 보통,무,현대해상,0,98,91,96,B,
26_379,인천대리점,이서준,010-5714-3891,611117,인천 중앙9길 13,1종 대형,무,DB손해,0,91,97,95,A,
26_380,인천대리점,한서아,010-8305-4074,701013,인천 중앙9길 13,1종 대형,무,현대해상,8,97,95,94,B,
26_381,인천대리점,강지수,010-8615-3140,801138,인천 효자동 123-9,2종 보통,무,KB손해,9,96,90,95,C,
26_382,인천대리점,송지아,010-7574-6638,631115,인천 효자동 123-9,1종 보통,무,KB손해,2,90,91,95,A,
26_383,인천대리점,장병국,010-1459-8481,971015,인천 효자동 123-9,1종 보통,무,현대해상,0,90,93,92,A,
26_384,인천대리점,정하윤,010-5404-7171,911217,인천 중앙9길 13,2종 보통,무,현대해상,2,95,99,94,A,
26_385,인천대리점,김민준,010-1792-1640,901033,인천 강남대로 100,1종 대형,무,DB손해,9,98,92,98,C,
26_386,인천대리점,장병국,010-5890-7167,671096,인천 효자동 123-9,1종 보통,무,KB손해,1,90,95,92,C,
26_387,인천대리점,정하윤,010-1310-8696,991080,인천 효자동 123-9,1종 보통,무,KB손해,6,94,94,100,B,
26_388,인천대리점,장성우,010-9724-1268,861044,인천 효자동 123-9,1종 대형,무,현대해상,7,99,96,92,A,
26_389,인천대리점,김민준,010-5699-4563,811047,인천 강남대로 100,2종 보통,무,KB손해,7,93,99,92,B,
26_390,인천대리점,박도현,010-4244-1309,691194,인천 중앙9길 13,2종 보통,무,현대해상,8,99,96,91,B,
26_391,인천대리점,박도현,010-3578-7696,931066,인천 강남대로 100,1종 보통,무,현대해상,3,96,92,96,A,
26_392,인천대리점,박도현,010-7502-9162,621129,인천 강남대로 100,1종 대형,무,현대해상,4,99,94,95,C,
26_393,인천대리점,강지수,010-9106-9182,961168,인천 강남대로 100,1종 대형,무,DB손해,3,93,91,92,A,
26_394,인천대리점,최이안,010-5635-6478,941037,인천 중앙9길 13,2종 보통,무,현대해상,3,93,91,95,C,
26_395,인천대리점,장병국,010-1492-1532,821222,인천 중앙9길 13,1종 보통,무,KB손해,7,96,95,94,A,
26_396,인천대리점,송지아,010-5594-6956,621226,인천 강남대로 100,1종 대형,무,DB손해,9,100,95,96,B,
26_397,인천대리점,한서아,010-9307-4503,721136,인천 효자동 123-9,2종 보통,무,현대해상,5,98,95,97,A,
26_398,인천대리점,장성우,010-3910-9610,601039,인천 강남대로 100,2종 보통,무,KB손해,1,90,97,90,A,
26_399,인천대리점,박도현,010-7079-4994,831163,인천 강남대로 100,1종 대형,무,현대해상,8,99,96,90,B,
26_400,인천대리점,박도현,010-6889-5779,581014,인천 효자동 123-9,2종 보통,무,현대해상,10,100,92,93,C,
26_401,부산대리점,장성우,010-3372-7638,791103,부산 강남대로 100,1종 보통,무,DB손해,6,91,97,97,A,
26_402,부산대리점,장성우,010-6193-1970,621217,부산 강남대로 100,1종 대형,무,KB손해,1,95,92,99,C,
26_403,부산대리점,김민준,010-6945-3237,501228,부산 효자동 123-9,2종 보통,무,현대해상,1,90,96,90,B,
26_404,부산대리점,강지수,010-5410-8504,621103,부산 효자동 123-9,2종 보통,무,DB손해,6,93,98,94,B,
26_405,부산대리점,송지아,010-5283-5712,741137,부산 강남대로 100,1종 대형,무,현대해상,10,92,96,90,B,
26_406,부산대리점,박도현,010-1462-4033,651078,부산 중앙9길 13,1종 대형,무,DB손해,8,99,92,96,A,
26_407,부산대리점,박도현,010-3372-7854,901121,부산 강남대로 100,1종 보통,무,DB손해,5,90,95,95,B,
26_408,부산대리점,이서준,010-9750-6123,561094,부산 강남대로 100,2종 보통,무,KB손해,7,96,99,100,A,
26_409,부산대리점,강지수,010-6825-6161,561142,부산 효자동 123-9,1종 대형,무,KB손해,10,95,91,91,C,
26_410,부산대리점,한서아,010-7306-1560,521168,부산 중앙9길 13,1종 대형,무,현대해상,9,90,94,96,C,
26_411,부산대리점,장성우,010-7888-3700,811076,부산 중앙9길 13,2종 보통,무,현대해상,6,97,99,92,A,
26_412,부산대리점,김민준,010-1489-1798,871049,부산 강남대로 100,1종 보통,무,현대해상,1,92,91,90,A,
26_413,부산대리점,김민준,010-5479-5688,531102,부산 효자동 123-9,2종 보통,무,KB손해,5,96,98,98,A,
26_414,부산대리점,박도현,010-7181-1105,951198,부산 강남대로 100,1종 대형,무,DB손해,3,100,98,100,A,
26_415,부산대리점,이서준,010-3162-4536,791016,부산 효자동 123-9,2종 보통,무,DB손해,5,90,95,92,A,
26_416,부산대리점,박도현,010-4133-9361,761134,부산 강남대로 100,1종 대형,무,KB손해,3,98,91,92,C,
26_417,부산대리점,최이안,010-4454-9486,561009,부산 효자동 123-9,1종 보통,무,DB손해,8,91,99,91,B,
26_418,부산대리점,정하윤,010-1566-5486,781223,부산 효자동 123-9,1종 대형,무,현대해상,1,96,99,98,A,
26_419,부산대리점,김민준,010-5316-7718,871083,부산 강남대로 100,1종 보통,무,DB손해,9,90,94,100,C,
26_420,부산대리점,장성우,010-9685-7124,551177,부산 중앙9길 13,2종 보통,무,KB손해,10,100,99,96,A,
26_421,부산대리점,장성우,010-5676-8716,911150,부산 중앙9길 13,1종 보통,무,KB손해,1,98,98,96,B,
26_422,부산대리점,한서아,010-9852-7554,851142,부산 효자동 123-9,2종 보통,무,DB손해,1,90,91,93,B,
26_423,부산대리점,정하윤,010-7096-9531,611048,부산 중앙9길 13,1종 보통,무,KB손해,8,92,93,98,C,
26_424,부산대리점,최이안,010-2865-1020,751222,부산 중앙9길 13,1종 대형,무,KB손해,5,93,97,96,B,
26_425,부산대리점,장성우,010-8612-3855,971135,부산 강남대로 100,1종 보통,무,KB손해,8,96,97,91,C,
26_426,부산대리점,한서아,010-4924-2774,941125,부산 강남대로 100,1종 보통,무,KB손해,7,90,99,98,B,
26_427,부산대리점,장성우,010-1459-1317,851170,부산 효자동 123-9,1종 대형,무,현대해상,10,90,91,92,A,
26_428,부산대리점,정하윤,010-6376-1525,981048,부산 중앙9길 13,1종 대형,무,KB손해,3,90,95,91,B,
26_429,부산대리점,장성우,010-8901-7863,841156,부산 효자동 123-9,1종 대형,무,현대해상,1,96,100,94,B,
26_430,부산대리점,최이안,010-2142-5641,821216,부산 효자동 123-9,2종 보통,무,현대해상,10,95,99,96,B,
26_431,부산대리점,장성우,010-6708-7702,931200,부산 효자동 123-9,1종 대형,무,현대해상,4,99,95,90,A,
26_432,부산대리점,강지수,010-2336-4425,511089,부산 효자동 123-9,1종 보통,무,KB손해,4,90,92,97,B,
26_433,부산대리점,박도현,010-1353-5144,731219,부산 중앙9길 13,1종 대형,무,현대해상,5,93,99,96,A,
26_434,부산대리점,장성우,010-4349-6428,541187,부산 강남대로 100,1종 보통,무,DB손해,4,95,97,99,A,
26_435,부산대리점,한서아,010-3347-7466,931191,부산 중앙9길 13,2종 보통,무,DB손해,2,91,94,99,C,
26_436,부산대리점,김민준,010-7037-1299,571058,부산 효자동 123-9,1종 보통,무,현대해상,1,93,95,91,C,
26_437,부산대리점,강지수,010-8050-4708,851220,부산 중앙9길 13,1종 보통,무,KB손해,2,96,97,98,B,
26_438,부산대리점,이서준,010-3199-4609,771030,부산 강남대로 100,1종 보통,무,현대해상,3,90,93,95,C,
26_439,부산대리점,정하윤,010-9449-2776,911213,부산 중앙9길 13,2종 보통,무,KB손해,4,99,98,97,A,
26_440,부산대리점,최이안,010-7137-5435,621035,부산 효자동 123-9,1종 대형,무,DB손해,1,97,92,93,A,
26_441,부산대리점,이서준,010-3996-4432,681044,부산 중앙9길 13,2종 보통,무,현대해상,6,95,99,91,A,
26_442,부산대리점,최이안,010-7571-1762,651029,부산 중앙9길 13,1종 보통,무,현대해상,1,100,91,90,A,
26_443,부산대리점,한서아,010-8090-4327,601177,부산 중앙9길 13,1종 대형,무,현대해상,1,98,97,90,C,
26_444,부산대리점,강지수,010-8729-7296,541179,부산 강남대로 100,1종 대형,무,현대해상,7,95,91,100,C,
26_445,부산대리점,송지아,010-1261-9398,711225,부산 중앙9길 13,1종 대형,무,DB손해,0,100,91,96,A,
26_446,부산대리점,박도현,010-8898-7476,971042,부산 강남대로 100,2종 보통,무,현대해상,8,96,97,96,B,
26_447,부산대리점,한서아,010-8685-2138,801071,부산 중앙9길 13,2종 보통,무,DB손해,9,95,99,100,B,
26_448,부산대리점,정하윤,010-3664-5341,611091,부산 강남대로 100,2종 보통,무,DB손해,8,94,98,90,B,
26_449,부산대리점,장성우,010-1841-3657,761156,부산 강남대로 100,1종 대형,무,DB손해,8,97,96,92,C,
26_450,부산대리점,송지아,010-2713-8033,681103,부산 중앙9길 13,1종 보통,무,KB손해,7,92,96,93,B,
26_451,부산대리점,최이안,010-6897-9384,631019,부산 효자동 123-9,1종 대형,무,DB손해,7,99,95,90,C,
26_452,부산대리점,정하윤,010-3305-2305,751007,부산 강남대로 100,1종 보통,무,KB손해,9,99,93,94,C,
26_453,부산대리점,강지수,010-5952-6815,931124,부산 강남대로 100,1종 대형,무,현대해상,3,94,97,94,C,
26_454,부산대리점,장성우,010-6512-7762,611117,부산 강남대로 100,1종 보통,무,KB손해,1,100,93,93,B,
26_455,부산대리점,김민준,010-9823-8515,651116,부산 중앙9길 13,2종 보통,무,DB손해,4,92,97,99,B,
26_456,부산대리점,강지수,010-4502-4603,581225,부산 중앙9길 13,2종 보통,무,KB손해,4,98,94,99,C,
26_457,부산대리점,장병국,010-5561-2139,851021,부산 강남대로 100,2종 보통,무,KB손해,3,94,94,100,C,
26_458,부산대리점,이서준,010-3291-3127,821198,부산 강남대로 100,2종 보통,무,현대해상,6,91,93,97,A,
26_459,부산대리점,이서준,010-6915-6143,551165,부산 중앙9길 13,1종 대형,무,현대해상,6,92,92,92,A,
26_460,부산대리점,한서아,010-2529-2168,701044,부산 중앙9길 13,1종 보통,무,DB손해,0,95,99,91,B,
26_461,부산대리점,김민준,010-7317-9920,621076,부산 강남대로 100,2종 보통,무,DB손해,3,95,97,95,A,
26_462,부산대리점,송지아,010-3513-3888,551152,부산 강남대로 100,1종 대형,무,DB손해,7,95,92,94,C,
26_463,부산대리점,김민준,010-7086-1483,851035,부산 강남대로 100,1종 대형,무,DB손해,4,95,97,94,A,
26_464,부산대리점,송지아,010-4245-4951,771206,부산 효자동 123-9,2종 보통,무,KB손해,2,96,99,90,A,
26_465,부산대리점,송지아,010-3616-1142,651020,부산 중앙9길 13,1종 보통,무,KB손해,1,100,95,97,C,
26_466,부산대리점,장병국,010-3679-6324,811073,부산 강남대로 100,1종 보통,무,현대해상,4,95,100,94,C,
26_467,부산대리점,김민준,010-6766-9020,881231,부산 강남대로 100,1종 대형,무,DB손해,1,92,92,100,B,
26_468,부산대리점,한서아,010-2074-2211,891056,부산 중앙9길 13,2종 보통,무,DB손해,5,97,94,96,B,
26_469,부산대리점,정하윤,010-2073-8617,991085,부산 중앙9길 13,1종 보통,무,KB손해,9,99,96,99,B,
26_470,부산대리점,이서준,010-4934-9130,711066,부산 강남대로 100,1종 대형,무,KB손해,10,94,98,99,B,
26_471,부산대리점,장병국,010-9686-8887,791083,부산 강남대로 100,1종 보통,무,DB손해,6,93,100,91,C,
26_472,부산대리점,한서아,010-1490-9143,921043,부산 중앙9길 13,1종 대형,무,현대해상,6,100,98,90,B,
26_473,부산대리점,정하윤,010-9728-3354,611201,부산 강남대로 100,1종 보통,무,KB손해,3,95,100,93,C,
26_474,부산대리점,박도현,010-8247-1833,621164,부산 중앙9길 13,1종 보통,무,DB손해,2,95,95,90,A,
26_475,부산대리점,김민준,010-3612-7979,871016,부산 중앙9길 13,2종 보통,무,KB손해,0,97,99,98,A,
26_476,부산대리점,송지아,010-8223-5051,871110,부산 효자동 123-9,1종 대형,무,현대해상,10,100,100,93,A,
26_477,부산대리점,최이안,010-4420-8354,851077,부산 중앙9길 13,1종 대형,무,KB손해,5,91,95,92,A,
26_478,부산대리점,송지아,010-7930-5961,721188,부산 중앙9길 13,1종 대형,무,KB손해,4,100,91,92,A,
26_479,부산대리점,김민준,010-3867-8638,901228,부산 효자동 123-9,2종 보통,무,현대해상,3,96,97,92,A,
26_480,부산대리점,장병국,010-2240-3031,981161,부산 중앙9길 13,2종 보통,무,DB손해,7,98,93,96,C,
26_481,부산대리점,송지아,010-4106-1771,501187,부산 강남대로 100,1종 보통,무,DB손해,1,90,92,99,A,
26_482,부산대리점,장병국,010-5683-1598,981201,부산 효자동 123-9,1종 보통,무,DB손해,10,93,90,96,A,
26_483,부산대리점,최이안,010-4023-2754,661183,부산 효자동 123-9,1종 대형,무,현대해상,9,93,95,92,B,
26_484,부산대리점,김민준,010-3146-9222,761019,부산 강남대로 100,1종 대형,무,DB손해,8,95,98,91,B,
26_485,부산대리점,장성우,010-5848-6891,981197,부산 효자동 123-9,1종 대형,무,현대해상,10,95,93,95,C,
26_486,부산대리점,한서아,010-2371-4474,941072,부산 중앙9길 13,2종 보통,무,DB손해,3,92,96,98,C,
26_487,부산대리점,장성우,010-4476-3671,511197,부산 중앙9길 13,1종 대형,무,DB손해,1,96,99,91,B,
26_488,부산대리점,이서준,010-9493-6057,831078,부산 효자동 123-9,2종 보통,무,현대해상,9,95,95,96,A,
26_489,부산대리점,장병국,010-9898-2556,931123,부산 효자동 123-9,2종 보통,무,KB손해,3,95,93,92,C,
26_490,부산대리점,강지수,010-3458-5053,581161,부산 효자동 123-9,2종 보통,무,KB손해,5,99,93,90,C,
26_491,부산대리점,정하윤,010-3371-1562,521165,부산 효자동 123-9,1종 보통,무,DB손해,3,97,98,98,B,
26_492,부산대리점,정하윤,010-4626-7036,801012,부산 중앙9길 13,1종 보통,무,KB손해,0,92,96,92,B,
26_493,부산대리점,장성우,010-6142-7623,611200,부산 중앙9길 13,1종 보통,무,DB손해,3,100,98,99,B,
26_494,부산대리점,박도현,010-8930-8112,621056,부산 강남대로 100,1종 보통,무,DB손해,8,93,94,91,C,
26_495,부산대리점,한서아,010-5544-8083,531031,부산 강남대로 100,1종 보통,무,KB손해,2,93,96,96,A,
26_496,부산대리점,장병국,010-9795-7792,651036,부산 강남대로 100,1종 보통,무,현대해상,3,99,96,97,A,
26_497,부산대리점,정하윤,010-6414-7158,751122,부산 강남대로 100,1종 보통,무,KB손해,9,90,95,98,C,
26_498,부산대리점,장병국,010-8279-7304,921103,부산 중앙9길 13,1종 대형,무,현대해상,6,97,90,99,A,
26_499,부산대리점,박도현,010-6623-4864,881223,부산 강남대로 100,1종 보통,무,KB손해,7,90,92,96,A,
26_500,부산대리점,이서준,010-9764-1583,901080,부산 효자동 123-9,2종 보통,무,DB손해,4,100,97,96,C,
26_501,대구대리점,장성우,010-2114-6387,901081,대구 효자동 123-9,1종 보통,무,현대해상,6,96,93,96,A,
26_502,대구대리점,이서준,010-9521-8147,531078,대구 중앙9길 13,2종 보통,무,DB손해,0,97,97,93,B,
26_503,대구대리점,강지수,010-4745-8725,551146,대구 강남대로 100,2종 보통,무,KB손해,10,97,94,90,C,
26_504,대구대리점,장병국,010-4570-5069,821160,대구 효자동 123-9,1종 대형,무,현대해상,3,95,94,92,B,
26_505,대구대리점,정하윤,010-8058-6919,781078,대구 중앙9길 13,1종 대형,무,DB손해,4,100,90,99,A,
26_506,대구대리점,장병국,010-3610-8340,681215,대구 중앙9길 13,1종 대형,무,KB손해,10,97,96,94,B,
26_507,대구대리점,이서준,010-1284-6743,721055,대구 효자동 123-9,2종 보통,무,KB손해,6,95,97,98,C,
26_508,대구대리점,정하윤,010-1476-8709,651063,대구 효자동 123-9,1종 대형,무,DB손해,5,92,90,91,B,
26_509,대구대리점,김민준,010-9593-8464,571165,대구 강남대로 100,2종 보통,무,현대해상,3,95,99,100,C,
26_510,대구대리점,장병국,010-7288-2319,791221,대구 효자동 123-9,1종 보통,무,현대해상,3,99,98,95,C,
26_511,대구대리점,최이안,010-3635-5372,651121,대구 효자동 123-9,2종 보통,무,현대해상,2,100,97,94,B,
26_512,대구대리점,강지수,010-1496-2462,631069,대구 중앙9길 13,2종 보통,무,현대해상,10,98,92,100,A,
26_513,대구대리점,송지아,010-3528-4403,851121,대구 강남대로 100,1종 보통,무,현대해상,7,90,98,92,A,
26_514,대구대리점,강지수,010-1205-2781,601228,대구 강남대로 100,2종 보통,무,현대해상,6,92,91,95,B,
26_515,대구대리점,장병국,010-7135-4969,971095,대구 효자동 123-9,1종 대형,무,현대해상,4,97,98,91,A,
26_516,대구대리점,장병국,010-9412-3094,921138,대구 효자동 123-9,1종 보통,무,DB손해,7,93,93,99,B,
26_517,대구대리점,송지아,010-7961-8649,651063,대구 중앙9길 13,1종 대형,무,DB손해,6,96,100,100,B,
26_518,대구대리점,강지수,010-3943-3083,521052,대구 강남대로 100,1종 보통,무,DB손해,3,100,94,96,A,
26_519,대구대리점,송지아,010-2852-7149,531121,대구 중앙9길 13,1종 대형,무,KB손해,8,94,95,93,B,
26_520,대구대리점,이서준,010-5032-4127,861218,대구 효자동 123-9,2종 보통,무,현대해상,8,90,95,93,A,
26_521,대구대리점,김민준,010-6981-1007,981182,대구 효자동 123-9,2종 보통,무,KB손해,6,98,98,93,B,
26_522,대구대리점,송지아,010-1627-6084,891154,대구 강남대로 100,1종 보통,무,KB손해,8,92,99,91,A,
26_523,대구대리점,강지수,010-5439-5965,961029,대구 중앙9길 13,1종 대형,무,KB손해,2,93,94,95,C,
26_524,대구대리점,송지아,010-7554-4480,541129,대구 효자동 123-9,2종 보통,무,KB손해,4,90,99,99,C,
26_525,대구대리점,송지아,010-9497-4558,691141,대구 중앙9길 13,1종 보통,무,현대해상,1,100,94,93,C,
26_526,대구대리점,이서준,010-4017-9696,831086,대구 중앙9길 13,1종 대형,무,KB손해,7,100,90,93,A,
26_527,대구대리점,송지아,010-6214-1445,911225,대구 강남대로 100,2종 보통,무,현대해상,6,96,98,93,B,
26_528,대구대리점,강지수,010-6357-7037,781064,대구 중앙9길 13,2종 보통,무,KB손해,0,94,90,90,A,
26_529,대구대리점,장성우,010-1623-1252,711035,대구 강남대로 100,1종 대형,무,DB손해,10,94,98,96,C,
26_530,대구대리점,정하윤,010-8509-3533,671142,대구 효자동 123-9,1종 대형,무,DB손해,8,92,97,97,C,
26_531,대구대리점,박도현,010-7730-1078,891130,대구 효자동 123-9,1종 보통,무,현대해상,10,100,97,94,C,
26_532,대구대리점,송지아,010-3796-7842,751130,대구 강남대로 100,1종 보통,무,현대해상,1,91,100,93,A,
26_533,대구대리점,한서아,010-3955-9857,681001,대구 효자동 123-9,1종 보통,무,현대해상,0,96,90,97,B,
26_534,대구대리점,최이안,010-1738-9636,571076,대구 효자동 123-9,1종 보통,무,DB손해,10,91,99,93,B,
26_535,대구대리점,이서준,010-8387-8146,581096,대구 효자동 123-9,1종 대형,무,KB손해,1,95,91,96,A,
26_536,대구대리점,이서준,010-6513-4440,561120,대구 중앙9길 13,1종 대형,무,현대해상,6,90,99,94,B,
26_537,대구대리점,김민준,010-5160-3290,511019,대구 중앙9길 13,1종 대형,무,DB손해,1,93,96,97,A,
26_538,대구대리점,장병국,010-3058-8829,571181,대구 효자동 123-9,1종 대형,무,KB손해,0,93,94,97,C,
26_539,대구대리점,김민준,010-7872-2603,601225,대구 중앙9길 13,1종 보통,무,DB손해,7,94,97,97,C,
26_540,대구대리점,박도현,010-1699-2729,801134,대구 강남대로 100,1종 보통,무,DB손해,10,100,93,99,A,
26_541,대구대리점,최이안,010-2279-9494,581178,대구 중앙9길 13,1종 대형,무,DB손해,9,94,97,92,B,
26_542,대구대리점,최이안,010-3752-9147,791040,대구 효자동 123-9,2종 보통,무,현대해상,1,95,90,90,A,
26_543,대구대리점,장병국,010-7775-2318,741033,대구 중앙9길 13,1종 대형,무,DB손해,6,93,98,94,C,
26_544,대구대리점,김민준,010-8066-5669,931185,대구 강남대로 100,1종 대형,무,DB손해,6,91,94,92,A,
26_545,대구대리점,정하윤,010-1374-3947,861143,대구 강남대로 100,2종 보통,무,현대해상,9,93,94,92,A,
26_546,대구대리점,박도현,010-7409-9705,811082,대구 강남대로 100,1종 보통,무,KB손해,4,99,100,93,C,
26_547,대구대리점,강지수,010-2826-6344,701117,대구 효자동 123-9,2종 보통,무,현대해상,8,98,90,100,B,
26_548,대구대리점,송지아,010-8011-4332,951198,대구 강남대로 100,2종 보통,무,KB손해,5,97,98,95,C,
26_549,대구대리점,김민준,010-3989-5036,811030,대구 중앙9길 13,2종 보통,무,현대해상,7,97,96,93,C,
26_550,대구대리점,한서아,010-3600-8286,891147,대구 효자동 123-9,1종 보통,무,현대해상,8,95,96,92,A,
26_551,대구대리점,한서아,010-4292-3048,591123,대구 중앙9길 13,1종 보통,무,DB손해,8,91,98,90,C,
26_552,대구대리점,김민준,010-2620-3934,901213,대구 강남대로 100,1종 보통,무,현대해상,4,94,97,96,A,
26_553,대구대리점,이서준,010-7412-2467,501019,대구 효자동 123-9,1종 대형,무,KB손해,7,92,98,93,B,
26_554,대구대리점,송지아,010-1905-3708,821059,대구 중앙9길 13,1종 보통,무,KB손해,5,94,96,90,B,
26_555,대구대리점,김민준,010-8578-1357,631162,대구 강남대로 100,1종 대형,무,현대해상,3,94,94,91,B,
26_556,대구대리점,송지아,010-5758-1987,731006,대구 효자동 123-9,1종 보통,무,현대해상,9,95,99,100,C,
26_557,대구대리점,한서아,010-6052-6437,931224,대구 효자동 123-9,1종 보통,무,현대해상,9,97,98,94,A,
26_558,대구대리점,김민준,010-9199-6644,951046,대구 효자동 123-9,1종 대형,무,DB손해,5,92,94,91,C,
26_559,대구대리점,장병국,010-1168-6648,961153,대구 강남대로 100,1종 대형,무,DB손해,3,92,93,95,A,
26_560,대구대리점,박도현,010-1092-7606,821091,대구 효자동 123-9,1종 대형,무,DB손해,7,95,97,91,C,
26_561,대구대리점,장성우,010-7603-8872,851215,대구 효자동 123-9,1종 대형,무,KB손해,1,94,93,95,B,
26_562,대구대리점,강지수,010-3748-7399,831090,대구 효자동 123-9,1종 보통,무,KB손해,5,95,96,94,A,
26_563,대구대리점,강지수,010-9570-2082,651147,대구 효자동 123-9,1종 대형,무,DB손해,3,92,100,93,B,
26_564,대구대리점,송지아,010-3247-3854,881223,대구 강남대로 100,1종 보통,무,현대해상,9,93,94,96,B,
26_565,대구대리점,강지수,010-7716-7499,821212,대구 효자동 123-9,1종 대형,무,DB손해,8,92,91,99,B,
26_566,대구대리점,송지아,010-3848-8133,791164,대구 강남대로 100,1종 보통,무,현대해상,10,92,90,100,C,
26_567,대구대리점,김민준,010-8056-3763,681125,대구 중앙9길 13,1종 보통,무,KB손해,0,92,91,99,C,
26_568,대구대리점,박도현,010-3059-1145,771131,대구 강남대로 100,2종 보통,무,KB손해,5,96,100,92,A,
26_569,대구대리점,정하윤,010-4693-8709,951204,대구 강남대로 100,1종 대형,무,현대해상,2,92,94,92,B,
26_570,대구대리점,송지아,010-9258-3383,611066,대구 강남대로 100,1종 보통,무,현대해상,10,90,96,90,A,
26_571,대구대리점,장성우,010-2024-8684,791170,대구 강남대로 100,1종 보통,무,DB손해,2,91,91,98,B,
26_572,대구대리점,한서아,010-2937-7015,721189,대구 강남대로 100,2종 보통,무,KB손해,4,99,100,97,B,
26_573,대구대리점,장성우,010-3940-5225,591066,대구 효자동 123-9,1종 대형,무,KB손해,10,96,96,100,C,
26_574,대구대리점,장성우,010-4176-5571,831051,대구 중앙9길 13,1종 대형,무,현대해상,7,94,98,95,B,
26_575,대구대리점,최이안,010-4488-5975,991209,대구 효자동 123-9,2종 보통,무,KB손해,3,91,93,93,B,
26_576,대구대리점,정하윤,010-5950-1571,891163,대구 강남대로 100,2종 보통,무,KB손해,0,93,99,94,C,
26_577,대구대리점,박도현,010-8170-4432,771077,대구 강남대로 100,1종 보통,무,KB손해,1,94,90,100,B,
26_578,대구대리점,박도현,010-3574-1641,531060,대구 효자동 123-9,1종 대형,무,현대해상,8,93,100,98,A,
26_579,대구대리점,정하윤,010-7365-3524,641219,대구 강남대로 100,1종 보통,무,현대해상,4,94,100,94,B,
26_580,대구대리점,최이안,010-5279-9037,811103,대구 강남대로 100,2종 보통,무,현대해상,0,91,99,94,B,
26_581,대구대리점,최이안,010-4083-5967,841182,대구 효자동 123-9,1종 보통,무,DB손해,9,100,94,93,C,
26_582,대구대리점,정하윤,010-4907-2710,861211,대구 중앙9길 13,2종 보통,무,KB손해,2,100,92,92,C,
26_583,대구대리점,박도현,010-1754-1808,921159,대구 강남대로 100,2종 보통,무,현대해상,2,92,93,100,A,
26_584,대구대리점,김민준,010-1542-8781,741016,대구 강남대로 100,1종 대형,무,DB손해,9,94,99,94,C,
26_585,대구대리점,김민준,010-2449-4098,511136,대구 효자동 123-9,1종 대형,무,현대해상,0,93,99,93,A,
26_586,대구대리점,강지수,010-2843-1114,651156,대구 중앙9길 13,2종 보통,무,현대해상,8,94,94,92,C,
26_587,대구대리점,정하윤,010-7879-3592,751222,대구 중앙9길 13,1종 대형,무,KB손해,7,93,97,96,C,
26_588,대구대리점,박도현,010-2974-4294,691051,대구 효자동 123-9,2종 보통,무,DB손해,10,98,99,96,B,
26_589,대구대리점,장성우,010-6742-5682,811188,대구 중앙9길 13,1종 대형,무,KB손해,0,95,92,95,B,
26_590,대구대리점,송지아,010-6533-2718,721029,대구 강남대로 100,1종 대형,무,현대해상,5,90,91,99,C,
26_591,대구대리점,송지아,010-2522-1416,951047,대구 중앙9길 13,1종 보통,무,KB손해,7,92,98,96,A,
26_592,대구대리점,정하윤,010-8163-1816,961124,대구 효자동 123-9,2종 보통,무,현대해상,9,100,91,99,A,
26_593,대구대리점,송지아,010-3458-6974,891003,대구 효자동 123-9,1종 대형,무,DB손해,0,95,96,90,C,
26_594,대구대리점,박도현,010-7847-6574,721033,대구 강남대로 100,2종 보통,무,DB손해,6,99,90,100,B,
26_595,대구대리점,장병국,010-5811-5935,861209,대구 효자동 123-9,2종 보통,무,현대해상,9,98,95,90,C,
26_596,대구대리점,이서준,010-1903-6872,501127,대구 강남대로 100,2종 보통,무,DB손해,2,92,95,97,B,
26_597,대구대리점,박도현,010-3808-6503,991045,대구 강남대로 100,1종 보통,무,KB손해,3,95,100,94,B,
26_598,대구대리점,송지아,010-8294-3158,761036,대구 강남대로 100,2종 보통,무,DB손해,5,99,92,93,A,
26_599,대구대리점,장성우,010-7738-4792,561021,대구 중앙9길 13,1종 대형,무,KB손해,3,90,98,99,B,
26_600,대구대리점,이서준,010-8273-4472,661224,대구 강남대로 100,2종 보통,무,KB손해,8,92,90,96,C,
26_601,대전대리점,정하윤,010-3495-4184,761175,대전 중앙9길 13,1종 보통,무,DB손해,2,94,94,95,A,
26_602,대전대리점,장병국,010-2219-6046,891130,대전 효자동 123-9,2종 보통,무,현대해상,5,93,99,98,B,
26_603,대전대리점,김민준,010-8232-3096,631081,대전 강남대로 100,1종 대형,무,현대해상,7,99,98,99,A,
26_604,대전대리점,이서준,010-1532-5412,761217,대전 강남대로 100,1종 보통,무,KB손해,8,93,93,97,C,
26_605,대전대리점,최이안,010-9898-6122,621212,대전 강남대로 100,1종 대형,무,현대해상,6,93,90,93,C,
26_606,대전대리점,강지수,010-8065-5666,731188,대전 중앙9길 13,1종 대형,무,DB손해,8,96,97,90,A,
26_607,대전대리점,정하윤,010-1199-5424,531009,대전 강남대로 100,2종 보통,무,DB손해,7,98,100,94,A,
26_608,대전대리점,최이안,010-3329-1219,781042,대전 효자동 123-9,1종 보통,무,KB손해,8,99,93,93,A,
26_609,대전대리점,한서아,010-9293-1448,841130,대전 강남대로 100,2종 보통,무,현대해상,10,98,94,94,C,
26_610,대전대리점,최이안,010-6747-5120,631148,대전 효자동 123-9,2종 보통,무,KB손해,10,95,99,91,A,
26_611,대전대리점,장병국,010-1057-6003,971210,대전 효자동 123-9,2종 보통,무,현대해상,2,97,90,97,C,
26_612,대전대리점,송지아,010-8672-8685,551098,대전 강남대로 100,1종 보통,무,현대해상,4,97,96,100,B,
26_613,대전대리점,장성우,010-5962-7081,951107,대전 효자동 123-9,2종 보통,무,DB손해,8,100,95,91,C,
26_614,대전대리점,박도현,010-8022-7515,831067,대전 강남대로 100,2종 보통,무,현대해상,9,93,97,95,B,
26_615,대전대리점,박도현,010-5692-2304,831214,대전 중앙9길 13,2종 보통,무,KB손해,5,99,90,97,C,
26_616,대전대리점,강지수,010-6595-5782,521181,대전 효자동 123-9,1종 보통,무,현대해상,5,92,97,95,A,
26_617,대전대리점,최이안,010-7509-8173,561046,대전 효자동 123-9,2종 보통,무,KB손해,8,97,99,93,B,
26_618,대전대리점,박도현,010-3557-1704,821174,대전 강남대로 100,1종 대형,무,KB손해,1,90,94,97,A,
26_619,대전대리점,장병국,010-4776-4064,821197,대전 중앙9길 13,2종 보통,무,DB손해,5,99,91,98,A,
26_620,대전대리점,장병국,010-8699-5434,831155,대전 효자동 123-9,2종 보통,무,KB손해,3,100,95,97,B,
26_621,대전대리점,이서준,010-6385-3290,671091,대전 강남대로 100,1종 대형,무,DB손해,6,90,96,96,A,
26_622,대전대리점,한서아,010-2506-5105,961001,대전 효자동 123-9,1종 대형,무,현대해상,5,95,91,98,B,
26_623,대전대리점,박도현,010-3648-8858,871158,대전 중앙9길 13,2종 보통,무,현대해상,4,99,97,95,C,
26_624,대전대리점,최이안,010-2756-6868,661105,대전 중앙9길 13,1종 대형,무,현대해상,2,97,100,93,B,
26_625,대전대리점,장성우,010-1202-7485,571193,대전 중앙9길 13,1종 보통,무,DB손해,2,91,94,96,C,
26_626,대전대리점,장병국,010-5677-3911,671098,대전 효자동 123-9,1종 대형,무,현대해상,3,98,98,94,B,
26_627,대전대리점,박도현,010-8249-6140,821069,대전 강남대로 100,1종 대형,무,현대해상,2,97,92,96,B,
26_628,대전대리점,송지아,010-4355-7083,781184,대전 강남대로 100,1종 보통,무,KB손해,5,96,91,96,B,
26_629,대전대리점,이서준,010-7596-2442,701133,대전 강남대로 100,1종 보통,무,현대해상,0,99,96,92,C,
26_630,대전대리점,이서준,010-2735-8041,691070,대전 강남대로 100,2종 보통,무,현대해상,4,94,99,91,C,
26_631,대전대리점,강지수,010-6981-6260,971158,대전 중앙9길 13,1종 보통,무,현대해상,9,90,95,98,A,
26_632,대전대리점,장병국,010-8625-3241,961202,대전 중앙9길 13,1종 대형,무,현대해상,8,98,98,97,C,
26_633,대전대리점,박도현,010-8164-3169,961208,대전 중앙9길 13,1종 보통,무,현대해상,8,94,96,98,B,
26_634,대전대리점,최이안,010-7021-9365,991123,대전 중앙9길 13,1종 대형,무,현대해상,6,91,96,96,B,
26_635,대전대리점,장성우,010-7767-6557,821090,대전 효자동 123-9,1종 대형,무,DB손해,4,99,96,95,A,
26_636,대전대리점,한서아,010-7874-3170,871124,대전 중앙9길 13,2종 보통,무,KB손해,1,100,99,91,A,
26_637,대전대리점,정하윤,010-1375-3679,791159,대전 중앙9길 13,1종 대형,무,현대해상,6,90,97,96,A,
26_638,대전대리점,장병국,010-8465-3192,791016,대전 강남대로 100,2종 보통,무,DB손해,7,92,98,96,B,
26_639,대전대리점,장성우,010-1702-7609,511072,대전 효자동 123-9,2종 보통,무,KB손해,7,93,90,98,B,
26_640,대전대리점,최이안,010-2124-7092,761123,대전 효자동 123-9,1종 보통,무,현대해상,3,97,98,91,C,
26_641,대전대리점,김민준,010-8210-8584,521119,대전 중앙9길 13,2종 보통,무,DB손해,2,95,100,98,C,
26_642,대전대리점,이서준,010-7783-1543,541161,대전 중앙9길 13,1종 보통,무,DB손해,1,94,97,94,A,
26_643,대전대리점,장병국,010-5766-6485,531062,대전 강남대로 100,2종 보통,무,현대해상,3,93,95,98,A,
26_644,대전대리점,송지아,010-1006-2403,701134,대전 중앙9길 13,1종 보통,무,현대해상,10,99,97,90,C,
26_645,대전대리점,강지수,010-8758-9191,811015,대전 효자동 123-9,1종 보통,무,현대해상,4,100,94,96,B,
26_646,대전대리점,장성우,010-5436-4625,601175,대전 효자동 123-9,1종 보통,무,DB손해,2,98,99,93,C,
26_647,대전대리점,장병국,010-4053-7762,511209,대전 중앙9길 13,1종 대형,무,DB손해,6,93,95,94,A,
26_648,대전대리점,한서아,010-8749-2032,981163,대전 중앙9길 13,2종 보통,무,현대해상,2,100,94,93,A,
26_649,대전대리점,박도현,010-2454-2529,531121,대전 강남대로 100,2종 보통,무,DB손해,0,93,95,96,B,
26_650,대전대리점,정하윤,010-8183-1097,951135,대전 중앙9길 13,1종 대형,무,현대해상,1,92,100,95,C,
26_651,대전대리점,박도현,010-8176-1925,511118,대전 효자동 123-9,2종 보통,무,KB손해,7,96,100,98,C,
26_652,대전대리점,최이안,010-9033-3934,851027,대전 효자동 123-9,1종 대형,무,DB손해,8,92,91,98,B,
26_653,대전대리점,장성우,010-3618-9463,521065,대전 중앙9길 13,1종 보통,무,KB손해,0,90,99,92,B,
26_654,대전대리점,김민준,010-6344-8744,551204,대전 중앙9길 13,1종 대형,무,KB손해,7,93,98,99,A,
26_655,대전대리점,강지수,010-9634-9787,711021,대전 효자동 123-9,2종 보통,무,DB손해,1,92,92,93,A,
26_656,대전대리점,한서아,010-4376-4573,751191,대전 중앙9길 13,1종 대형,무,현대해상,0,98,92,91,A,
26_657,대전대리점,장성우,010-2743-1543,501082,대전 중앙9길 13,2종 보통,무,DB손해,4,93,92,90,C,
26_658,대전대리점,장병국,010-5787-1306,771123,대전 중앙9길 13,2종 보통,무,DB손해,3,99,98,96,A,
26_659,대전대리점,송지아,010-9268-2823,671134,대전 강남대로 100,1종 보통,무,현대해상,4,94,90,100,A,
26_660,대전대리점,정하윤,010-6441-4334,791036,대전 중앙9길 13,2종 보통,무,현대해상,8,91,90,95,C,
26_661,대전대리점,한서아,010-2408-3448,511142,대전 강남대로 100,1종 대형,무,현대해상,0,100,90,97,B,
26_662,대전대리점,장병국,010-7717-7416,871110,대전 중앙9길 13,2종 보통,무,현대해상,0,98,99,97,A,
26_663,대전대리점,장성우,010-9371-1540,761189,대전 강남대로 100,1종 대형,무,KB손해,9,98,90,97,B,
26_664,대전대리점,정하윤,010-9778-3284,611098,대전 강남대로 100,1종 보통,무,KB손해,6,90,96,90,B,
26_665,대전대리점,이서준,010-6188-2414,781207,대전 중앙9길 13,2종 보통,무,DB손해,6,94,90,92,B,
26_666,대전대리점,강지수,010-5022-5208,641048,대전 강남대로 100,2종 보통,무,KB손해,8,98,94,93,B,
26_667,대전대리점,최이안,010-2009-3289,861194,대전 중앙9길 13,1종 대형,무,현대해상,3,90,90,91,B,
26_668,대전대리점,강지수,010-9910-7564,541130,대전 효자동 123-9,1종 보통,무,KB손해,4,97,94,94,C,
26_669,대전대리점,한서아,010-5273-4375,551136,대전 중앙9길 13,1종 대형,무,KB손해,10,91,99,91,C,
26_670,대전대리점,이서준,010-9949-4719,991058,대전 효자동 123-9,1종 대형,무,KB손해,0,97,92,95,C,
26_671,대전대리점,장병국,010-1204-9403,821158,대전 중앙9길 13,1종 보통,무,DB손해,0,95,93,94,C,
26_672,대전대리점,장병국,010-8631-8035,541130,대전 중앙9길 13,1종 보통,무,KB손해,9,93,92,96,B,
26_673,대전대리점,정하윤,010-4212-6775,531218,대전 효자동 123-9,2종 보통,무,DB손해,2,96,97,99,A,
26_674,대전대리점,송지아,010-3077-5070,901204,대전 중앙9길 13,1종 대형,무,DB손해,6,90,99,98,C,
26_675,대전대리점,박도현,010-4646-6747,761229,대전 효자동 123-9,2종 보통,무,현대해상,9,100,93,100,B,
26_676,대전대리점,김민준,010-3646-6298,761118,대전 중앙9길 13,1종 보통,무,DB손해,10,96,100,96,B,
26_677,대전대리점,최이안,010-5950-5757,591024,대전 강남대로 100,1종 보통,무,DB손해,6,95,100,94,B,
26_678,대전대리점,김민준,010-4138-4055,891038,대전 강남대로 100,1종 대형,무,현대해상,4,92,97,97,A,
26_679,대전대리점,한서아,010-6148-6891,631024,대전 중앙9길 13,1종 대형,무,KB손해,0,98,92,96,B,
26_680,대전대리점,박도현,010-6719-5416,991177,대전 강남대로 100,2종 보통,무,현대해상,0,91,93,95,C,
26_681,대전대리점,한서아,010-4292-6903,891139,대전 강남대로 100,2종 보통,무,DB손해,8,93,99,97,B,
26_682,대전대리점,한서아,010-6962-8979,731202,대전 강남대로 100,1종 보통,무,KB손해,6,99,90,92,A,
26_683,대전대리점,강지수,010-7255-2064,881175,대전 효자동 123-9,2종 보통,무,DB손해,3,98,97,100,C,
26_684,대전대리점,이서준,010-3596-4786,561208,대전 강남대로 100,1종 보통,무,KB손해,3,91,100,90,A,
26_685,대전대리점,송지아,010-9480-3850,671094,대전 중앙9길 13,1종 대형,무,KB손해,7,97,99,96,B,
26_686,대전대리점,송지아,010-7360-8985,801049,대전 효자동 123-9,2종 보통,무,DB손해,1,92,100,100,B,
26_687,대전대리점,장성우,010-9402-8377,561070,대전 효자동 123-9,2종 보통,무,현대해상,3,99,94,92,B,
26_688,대전대리점,정하윤,010-3331-3401,601191,대전 강남대로 100,1종 대형,무,DB손해,10,95,94,98,B,
26_689,대전대리점,송지아,010-6788-3635,671031,대전 효자동 123-9,1종 대형,무,DB손해,9,100,98,93,A,
26_690,대전대리점,정하윤,010-1312-7447,971184,대전 효자동 123-9,1종 보통,무,DB손해,8,91,94,98,C,
26_691,대전대리점,장성우,010-2588-6017,561041,대전 중앙9길 13,1종 보통,무,현대해상,2,93,94,97,B,
26_692,대전대리점,박도현,010-5908-1005,671207,대전 효자동 123-9,1종 대형,무,DB손해,8,100,96,96,B,
26_693,대전대리점,장병국,010-3801-8696,771062,대전 강남대로 100,2종 보통,무,KB손해,9,91,100,92,B,
26_694,대전대리점,최이안,010-7561-3749,731148,대전 중앙9길 13,2종 보통,무,현대해상,3,90,97,99,A,
26_695,대전대리점,송지아,010-3634-2448,821052,대전 중앙9길 13,1종 대형,무,DB손해,3,91,95,93,C,
26_696,대전대리점,송지아,010-4947-5653,591115,대전 강남대로 100,1종 보통,무,DB손해,10,98,100,97,C,
26_697,대전대리점,강지수,010-5348-1431,731108,대전 강남대로 100,1종 보통,무,DB손해,8,100,90,92,C,
26_698,대전대리점,최이안,010-3251-5949,681220,대전 중앙9길 13,1종 대형,무,현대해상,0,96,98,93,A,
26_699,대전대리점,정하윤,010-8359-9349,631154,대전 효자동 123-9,2종 보통,무,KB손해,0,94,90,91,C,
26_700,대전대리점,송지아,010-1105-9675,741070,대전 중앙9길 13,2종 보통,무,현대해상,10,97,94,90,C,
26_701,광주대리점,최이안,010-1612-3689,781190,광주 강남대로 100,1종 대형,무,현대해상,2,99,98,91,A,
26_702,광주대리점,송지아,010-8198-5862,961097,광주 효자동 123-9,1종 대형,무,KB손해,2,91,97,93,B,
26_703,광주대리점,김민준,010-1481-1039,771063,광주 효자동 123-9,1종 대형,무,현대해상,3,98,97,96,B,
26_704,광주대리점,박도현,010-6346-7991,871214,광주 효자동 123-9,2종 보통,무,KB손해,5,100,97,94,C,
26_705,광주대리점,강지수,010-1296-1443,861178,광주 강남대로 100,1종 대형,무,현대해상,5,98,100,95,C,
26_706,광주대리점,최이안,010-4732-3892,821149,광주 강남대로 100,1종 보통,무,현대해상,9,98,93,91,C,
26_707,광주대리점,이서준,010-4229-7440,511066,광주 효자동 123-9,2종 보통,무,현대해상,7,93,100,91,B,
26_708,광주대리점,김민준,010-9251-2746,541130,광주 중앙9길 13,1종 대형,무,KB손해,4,96,96,95,B,
26_709,광주대리점,한서아,010-9348-9608,821097,광주 강남대로 100,1종 보통,무,KB손해,8,91,90,90,A,
26_710,광주대리점,김민준,010-3161-3557,751072,광주 중앙9길 13,1종 대형,무,현대해상,6,100,98,99,C,
26_711,광주대리점,장병국,010-5690-4183,791066,광주 효자동 123-9,2종 보통,무,KB손해,9,94,90,92,B,
26_712,광주대리점,박도현,010-5271-5528,701096,광주 강남대로 100,2종 보통,무,DB손해,3,93,97,100,B,
26_713,광주대리점,장성우,010-9600-8130,941050,광주 강남대로 100,2종 보통,무,KB손해,3,92,97,92,C,
26_714,광주대리점,정하윤,010-7474-4443,611005,광주 중앙9길 13,2종 보통,무,현대해상,3,98,92,95,A,
26_715,광주대리점,강지수,010-4039-5029,901194,광주 강남대로 100,1종 대형,무,현대해상,5,92,100,91,C,
26_716,광주대리점,장성우,010-8513-2544,691100,광주 효자동 123-9,2종 보통,무,KB손해,10,99,96,91,C,
26_717,광주대리점,송지아,010-2693-6450,591030,광주 효자동 123-9,1종 대형,무,DB손해,9,98,93,100,C,
26_718,광주대리점,장성우,010-3455-4708,561146,광주 중앙9길 13,1종 대형,무,DB손해,0,93,94,91,B,
26_719,광주대리점,최이안,010-8370-7260,981055,광주 중앙9길 13,1종 보통,무,현대해상,8,90,92,94,A,
26_720,광주대리점,김민준,010-8683-9253,521166,광주 효자동 123-9,1종 보통,무,현대해상,6,92,98,98,A,
26_721,광주대리점,장성우,010-6371-8286,741041,광주 강남대로 100,2종 보통,무,DB손해,7,99,90,99,C,
26_722,광주대리점,이서준,010-4138-7377,581164,광주 강남대로 100,2종 보통,무,KB손해,4,94,94,95,A,
26_723,광주대리점,장성우,010-3913-4908,981172,광주 효자동 123-9,1종 보통,무,DB손해,1,95,91,95,B,
26_724,광주대리점,정하윤,010-1592-1207,771190,광주 효자동 123-9,1종 대형,무,DB손해,10,95,94,94,C,
26_725,광주대리점,이서준,010-7334-4754,571003,광주 중앙9길 13,2종 보통,무,DB손해,3,92,91,92,B,
26_726,광주대리점,한서아,010-4419-4738,981071,광주 강남대로 100,2종 보통,무,DB손해,1,99,97,91,C,
26_727,광주대리점,장성우,010-6631-9021,691065,광주 중앙9길 13,1종 보통,무,DB손해,3,92,90,97,A,
26_728,광주대리점,한서아,010-1722-3471,921185,광주 중앙9길 13,1종 대형,무,DB손해,0,90,92,100,C,
26_729,광주대리점,이서준,010-3596-5829,541014,광주 강남대로 100,1종 대형,무,KB손해,10,94,98,95,A,
26_730,광주대리점,최이안,010-6075-4751,921023,광주 중앙9길 13,2종 보통,무,DB손해,10,90,95,93,B,
26_731,광주대리점,강지수,010-9296-6640,831199,광주 강남대로 100,2종 보통,무,DB손해,0,95,90,100,A,
26_732,광주대리점,이서준,010-3382-8122,721132,광주 중앙9길 13,2종 보통,무,KB손해,5,90,90,97,B,
26_733,광주대리점,한서아,010-8769-9820,821093,광주 효자동 123-9,2종 보통,무,KB손해,7,99,95,100,C,
26_734,광주대리점,장성우,010-8569-7323,561149,광주 중앙9길 13,2종 보통,무,KB손해,4,97,90,94,B,
26_735,광주대리점,한서아,010-7252-5773,771017,광주 중앙9길 13,1종 보통,무,KB손해,6,98,98,95,A,
26_736,광주대리점,장병국,010-8347-3757,721116,광주 중앙9길 13,1종 대형,무,현대해상,4,92,96,93,A,
26_737,광주대리점,장성우,010-2831-1338,961188,광주 중앙9길 13,2종 보통,무,현대해상,6,98,97,92,A,
26_738,광주대리점,강지수,010-8621-8221,831159,광주 중앙9길 13,1종 대형,무,KB손해,2,93,94,94,A,
26_739,광주대리점,최이안,010-7898-9513,881222,광주 강남대로 100,1종 대형,무,DB손해,5,95,91,91,C,
26_740,광주대리점,장성우,010-5222-5388,691152,광주 강남대로 100,1종 보통,무,DB손해,7,91,97,91,A,
26_741,광주대리점,한서아,010-1519-6083,941033,광주 효자동 123-9,1종 보통,무,현대해상,8,93,99,94,B,
26_742,광주대리점,장병국,010-7507-9749,971030,광주 중앙9길 13,1종 보통,무,DB손해,10,99,95,99,A,
26_743,광주대리점,장병국,010-4233-3996,831205,광주 효자동 123-9,1종 대형,무,DB손해,10,98,100,97,C,
26_744,광주대리점,이서준,010-3179-1684,691039,광주 강남대로 100,2종 보통,무,KB손해,9,94,99,91,B,
26_745,광주대리점,정하윤,010-5839-4762,591148,광주 중앙9길 13,1종 보통,무,DB손해,7,91,92,95,C,
26_746,광주대리점,장병국,010-7122-8942,601072,광주 효자동 123-9,1종 대형,무,현대해상,6,92,96,94,C,
26_747,광주대리점,이서준,010-3011-5009,531206,광주 효자동 123-9,2종 보통,무,현대해상,3,93,96,99,A,
26_748,광주대리점,정하윤,010-7940-4436,651076,광주 강남대로 100,2종 보통,무,DB손해,6,99,92,96,B,
26_749,광주대리점,박도현,010-4642-3477,611170,광주 효자동 123-9,2종 보통,무,현대해상,2,99,95,99,A,
26_750,광주대리점,최이안,010-4637-4677,591005,광주 중앙9길 13,2종 보통,무,KB손해,1,98,97,96,B,
26_751,광주대리점,이서준,010-4191-1049,781046,광주 강남대로 100,1종 대형,무,DB손해,2,90,91,97,C,
26_752,광주대리점,박도현,010-7679-6837,651199,광주 강남대로 100,2종 보통,무,DB손해,4,94,94,91,B,
26_753,광주대리점,김민준,010-3151-9605,881222,광주 효자동 123-9,2종 보통,무,KB손해,10,95,97,90,B,
26_754,광주대리점,이서준,010-8994-3015,601056,광주 강남대로 100,1종 대형,무,현대해상,0,94,96,100,A,
26_755,광주대리점,장병국,010-3534-4133,771080,광주 중앙9길 13,1종 대형,무,DB손해,8,99,90,90,C,
26_756,광주대리점,이서준,010-5119-3676,781156,광주 중앙9길 13,1종 보통,무,현대해상,0,99,95,96,C,
26_757,광주대리점,최이안,010-1090-1667,611134,광주 강남대로 100,2종 보통,무,KB손해,3,95,98,100,B,
26_758,광주대리점,이서준,010-2815-9827,901018,광주 강남대로 100,1종 대형,무,DB손해,1,95,95,92,B,
26_759,광주대리점,이서준,010-9241-3983,761160,광주 중앙9길 13,2종 보통,무,KB손해,7,93,91,92,C,
26_760,광주대리점,정하윤,010-1635-3850,511123,광주 강남대로 100,1종 대형,무,현대해상,5,98,98,99,C,
26_761,광주대리점,이서준,010-6289-4728,741123,광주 중앙9길 13,2종 보통,무,DB손해,3,96,92,94,B,
26_762,광주대리점,이서준,010-3816-5136,691033,광주 효자동 123-9,2종 보통,무,현대해상,2,92,93,91,C,
26_763,광주대리점,한서아,010-3000-6988,791188,광주 중앙9길 13,1종 대형,무,KB손해,4,93,90,94,C,
26_764,광주대리점,강지수,010-3617-7338,741102,광주 효자동 123-9,1종 보통,무,현대해상,2,93,100,99,C,
26_765,광주대리점,정하윤,010-4534-4317,911164,광주 강남대로 100,1종 보통,무,KB손해,2,93,96,96,B,
26_766,광주대리점,장병국,010-1204-3111,571112,광주 효자동 123-9,1종 대형,무,DB손해,5,91,93,95,B,
26_767,광주대리점,한서아,010-4678-4406,791018,광주 효자동 123-9,2종 보통,무,현대해상,10,94,99,90,A,
26_768,광주대리점,장병국,010-5054-8742,601161,광주 강남대로 100,1종 보통,무,KB손해,5,94,90,100,B,
26_769,광주대리점,송지아,010-7819-6397,681007,광주 강남대로 100,2종 보통,무,DB손해,7,95,95,100,B,
26_770,광주대리점,송지아,010-4729-1310,901125,광주 효자동 123-9,1종 대형,무,현대해상,5,97,100,91,A,
26_771,광주대리점,한서아,010-7538-3504,941107,광주 효자동 123-9,1종 보통,무,현대해상,4,100,94,98,A,
26_772,광주대리점,정하윤,010-5521-7224,721161,광주 중앙9길 13,1종 대형,무,현대해상,10,100,94,98,A,
26_773,광주대리점,한서아,010-9360-3033,881114,광주 효자동 123-9,1종 대형,무,DB손해,2,91,96,91,C,
26_774,광주대리점,박도현,010-3727-6867,651205,광주 강남대로 100,1종 보통,무,DB손해,9,91,91,92,B,
26_775,광주대리점,송지아,010-1253-2757,791230,광주 중앙9길 13,1종 보통,무,KB손해,4,97,91,91,C,
26_776,광주대리점,송지아,010-9240-1789,781122,광주 중앙9길 13,1종 대형,무,KB손해,4,96,97,91,A,
26_777,광주대리점,강지수,010-5228-6130,811176,광주 강남대로 100,2종 보통,무,현대해상,10,90,92,99,A,
26_778,광주대리점,이서준,010-1952-4552,531052,광주 중앙9길 13,1종 보통,무,현대해상,2,91,99,93,A,
26_779,광주대리점,강지수,010-7753-1448,901029,광주 강남대로 100,1종 보통,무,현대해상,8,98,97,99,B,
26_780,광주대리점,장성우,010-6184-7766,741075,광주 효자동 123-9,1종 대형,무,현대해상,3,93,91,92,A,
26_781,광주대리점,최이안,010-1508-6589,551105,광주 중앙9길 13,1종 대형,무,DB손해,9,96,97,99,C,
26_782,광주대리점,송지아,010-3089-9691,741020,광주 강남대로 100,2종 보통,무,DB손해,2,93,91,90,B,
26_783,광주대리점,송지아,010-7588-8520,821016,광주 중앙9길 13,1종 대형,무,KB손해,10,98,92,91,C,
26_784,광주대리점,장성우,010-5505-9343,581106,광주 중앙9길 13,1종 보통,무,KB손해,3,91,98,94,B,
26_785,광주대리점,박도현,010-8800-4766,731230,광주 강남대로 100,2종 보통,무,KB손해,8,99,96,90,A,
26_786,광주대리점,정하윤,010-7756-2552,511058,광주 효자동 123-9,2종 보통,무,현대해상,9,99,90,99,C,
26_787,광주대리점,장병국,010-9988-8242,821016,광주 효자동 123-9,1종 보통,무,KB손해,5,94,97,95,A,
26_788,광주대리점,한서아,010-1864-3477,541157,광주 강남대로 100,2종 보통,무,현대해상,2,94,90,99,B,
26_789,광주대리점,한서아,010-4167-2677,921194,광주 강남대로 100,2종 보통,무,DB손해,0,97,92,99,C,
26_790,광주대리점,장병국,010-5903-2884,861091,광주 중앙9길 13,1종 대형,무,DB손해,9,100,98,97,B,
26_791,광주대리점,정하윤,010-8899-8533,931144,광주 강남대로 100,2종 보통,무,DB손해,9,91,100,97,A,
26_792,광주대리점,이서준,010-5581-6023,941028,광주 효자동 123-9,1종 보통,무,DB손해,9,97,90,92,A,
26_793,광주대리점,이서준,010-8469-8756,901169,광주 중앙9길 13,1종 보통,무,DB손해,0,98,97,97,B,
26_794,광주대리점,이서준,010-4178-6238,811044,광주 강남대로 100,2종 보통,무,DB손해,8,96,96,91,B,
26_795,광주대리점,한서아,010-5062-3314,891045,광주 효자동 123-9,1종 보통,무,DB손해,7,94,97,93,B,
26_796,광주대리점,송지아,010-1869-7452,781201,광주 효자동 123-9,1종 대형,무,현대해상,5,99,100,93,A,
26_797,광주대리점,정하윤,010-1774-4895,531226,광주 강남대로 100,1종 대형,무,현대해상,1,94,100,100,A,
26_798,광주대리점,김민준,010-1903-5814,721126,광주 강남대로 100,1종 보통,무,DB손해,6,96,92,90,A,
26_799,광주대리점,장병국,010-6031-4294,631152,광주 강남대로 100,1종 보통,무,DB손해,6,100,97,94,B,
26_800,광주대리점,강지수,010-5710-3032,931125,광주 중앙9길 13,1종 보통,무,DB손해,5,93,95,99,C,
26_801,울산대리점,한서아,010-2730-7576,661200,울산 강남대로 100,2종 보통,무,DB손해,1,100,100,93,A,
26_802,울산대리점,강지수,010-6209-3176,681181,울산 효자동 123-9,1종 보통,무,KB손해,5,94,90,93,C,
26_803,울산대리점,한서아,010-6354-9972,501231,울산 강남대로 100,2종 보통,무,DB손해,2,91,92,99,B,
26_804,울산대리점,박도현,010-9661-3956,521083,울산 강남대로 100,1종 보통,무,KB손해,10,94,91,95,A,
26_805,울산대리점,정하윤,010-7029-1458,911090,울산 강남대로 100,2종 보통,무,KB손해,6,98,94,100,B,
26_806,울산대리점,강지수,010-3970-4972,591043,울산 강남대로 100,2종 보통,무,현대해상,2,100,100,96,A,
26_807,울산대리점,최이안,010-9046-7743,641114,울산 효자동 123-9,1종 대형,무,DB손해,4,96,99,94,C,
26_808,울산대리점,한서아,010-3042-3196,571131,울산 효자동 123-9,1종 보통,무,현대해상,9,96,97,94,A,
26_809,울산대리점,박도현,010-8452-7344,591166,울산 중앙9길 13,1종 대형,무,KB손해,5,97,91,91,C,
26_810,울산대리점,강지수,010-5821-3996,971070,울산 강남대로 100,1종 보통,무,DB손해,5,98,99,96,A,
26_811,울산대리점,김민준,010-3647-1335,681122,울산 중앙9길 13,1종 보통,무,KB손해,9,93,98,92,C,
26_812,울산대리점,장성우,010-9662-7827,611223,울산 중앙9길 13,1종 보통,무,현대해상,8,97,91,95,A,
26_813,울산대리점,장병국,010-4302-4670,831042,울산 효자동 123-9,1종 보통,무,DB손해,7,93,97,91,B,
26_814,울산대리점,송지아,010-7622-6424,941163,울산 효자동 123-9,1종 보통,무,DB손해,1,93,93,93,B,
26_815,울산대리점,송지아,010-8181-2997,961147,울산 효자동 123-9,1종 보통,무,KB손해,0,95,96,94,A,
26_816,울산대리점,장성우,010-7041-7981,731049,울산 중앙9길 13,2종 보통,무,현대해상,10,97,96,91,B,
26_817,울산대리점,한서아,010-9525-3517,791169,울산 효자동 123-9,1종 보통,무,현대해상,3,92,93,94,A,
26_818,울산대리점,정하윤,010-9999-6891,561107,울산 효자동 123-9,2종 보통,무,KB손해,9,91,91,92,B,
26_819,울산대리점,장병국,010-6390-7037,711112,울산 강남대로 100,2종 보통,무,DB손해,0,98,95,91,B,
26_820,울산대리점,김민준,010-9811-8536,681043,울산 강남대로 100,1종 대형,무,현대해상,6,96,98,92,A,
26_821,울산대리점,강지수,010-1838-9301,681122,울산 강남대로 100,1종 보통,무,DB손해,9,100,97,94,C,
26_822,울산대리점,최이안,010-5161-3709,531145,울산 강남대로 100,1종 보통,무,DB손해,2,100,92,93,C,
26_823,울산대리점,송지아,010-9118-7439,601091,울산 강남대로 100,1종 보통,무,현대해상,7,96,92,98,C,
26_824,울산대리점,한서아,010-7356-1310,621206,울산 중앙9길 13,2종 보통,무,KB손해,4,96,90,96,B,
26_825,울산대리점,한서아,010-9784-4964,701184,울산 중앙9길 13,1종 보통,무,DB손해,1,95,92,96,C,
26_826,울산대리점,박도현,010-9283-1102,601093,울산 중앙9길 13,2종 보통,무,KB손해,2,93,92,93,A,
26_827,울산대리점,송지아,010-5052-6169,811168,울산 강남대로 100,1종 보통,무,DB손해,10,100,95,95,A,
26_828,울산대리점,강지수,010-5838-2822,801075,울산 효자동 123-9,2종 보통,무,DB손해,7,98,100,98,C,
26_829,울산대리점,최이안,010-4612-3806,771022,울산 효자동 123-9,1종 대형,무,현대해상,4,100,94,99,A,
26_830,울산대리점,박도현,010-3746-8524,501110,울산 효자동 123-9,1종 대형,무,KB손해,8,97,93,90,B,
26_831,울산대리점,김민준,010-4780-2201,581166,울산 중앙9길 13,1종 대형,무,현대해상,0,98,100,93,A,
26_832,울산대리점,최이안,010-7752-1988,561037,울산 중앙9길 13,2종 보통,무,KB손해,4,99,96,97,C,
26_833,울산대리점,강지수,010-4116-9280,711056,울산 효자동 123-9,2종 보통,무,KB손해,9,99,90,100,A,
26_834,울산대리점,박도현,010-2128-4028,521050,울산 중앙9길 13,1종 대형,무,KB손해,9,97,100,98,A,
26_835,울산대리점,장병국,010-8917-4535,861048,울산 강남대로 100,2종 보통,무,현대해상,10,96,95,91,B,
26_836,울산대리점,박도현,010-7033-4884,931144,울산 효자동 123-9,1종 대형,무,현대해상,1,97,92,95,A,
26_837,울산대리점,송지아,010-1023-6894,841009,울산 중앙9길 13,1종 보통,무,현대해상,7,97,90,91,C,
26_838,울산대리점,정하윤,010-6452-4624,631197,울산 강남대로 100,1종 보통,무,DB손해,7,93,90,94,B,
26_839,울산대리점,한서아,010-3239-5304,941228,울산 효자동 123-9,2종 보통,무,DB손해,3,96,98,91,B,
26_840,울산대리점,김민준,010-4166-7640,751110,울산 효자동 123-9,1종 대형,무,현대해상,5,95,94,93,A,
26_841,울산대리점,김민준,010-9945-4044,761102,울산 효자동 123-9,1종 대형,무,DB손해,6,93,97,95,B,
26_842,울산대리점,강지수,010-1345-5673,761157,울산 강남대로 100,1종 대형,무,DB손해,8,100,91,94,B,
26_843,울산대리점,강지수,010-3242-1183,681024,울산 효자동 123-9,2종 보통,무,DB손해,4,92,97,96,C,
26_844,울산대리점,이서준,010-9078-4126,971081,울산 효자동 123-9,1종 보통,무,현대해상,2,100,92,95,C,
26_845,울산대리점,이서준,010-7831-9205,751101,울산 중앙9길 13,1종 대형,무,DB손해,2,91,97,95,C,
26_846,울산대리점,한서아,010-5518-8802,951053,울산 강남대로 100,1종 보통,무,DB손해,8,93,99,100,B,
26_847,울산대리점,송지아,010-6091-3952,981063,울산 중앙9길 13,2종 보통,무,DB손해,6,95,94,92,B,
26_848,울산대리점,김민준,010-5651-6623,561135,울산 강남대로 100,1종 대형,무,DB손해,9,97,98,97,B,
26_849,울산대리점,장성우,010-3524-4289,691006,울산 강남대로 100,1종 대형,무,DB손해,5,95,94,92,C,
26_850,울산대리점,송지아,010-9357-5071,751134,울산 효자동 123-9,2종 보통,무,현대해상,10,96,96,92,A,
26_851,울산대리점,장병국,010-4603-5954,611112,울산 중앙9길 13,1종 보통,무,현대해상,1,99,100,97,C,
26_852,울산대리점,장성우,010-1204-7159,831148,울산 중앙9길 13,1종 보통,무,KB손해,5,95,91,97,B,
26_853,울산대리점,장병국,010-6823-7083,601206,울산 강남대로 100,1종 대형,무,현대해상,9,93,97,96,A,
26_854,울산대리점,장성우,010-5937-8430,841047,울산 효자동 123-9,1종 대형,무,KB손해,9,90,96,90,B,
26_855,울산대리점,최이안,010-5987-5578,701096,울산 효자동 123-9,1종 보통,무,DB손해,1,90,94,93,C,
26_856,울산대리점,한서아,010-8254-3795,521093,울산 중앙9길 13,1종 보통,무,DB손해,9,99,100,96,C,
26_857,울산대리점,정하윤,010-8170-1244,721218,울산 효자동 123-9,1종 대형,무,KB손해,3,96,100,93,B,
26_858,울산대리점,장성우,010-8997-8346,751199,울산 중앙9길 13,1종 대형,무,DB손해,1,93,94,96,A,
26_859,울산대리점,박도현,010-8913-8007,501117,울산 효자동 123-9,2종 보통,무,DB손해,1,91,94,90,A,
26_860,울산대리점,최이안,010-2315-7267,801151,울산 강남대로 100,1종 보통,무,현대해상,2,90,98,93,C,
26_861,울산대리점,이서준,010-2250-5525,691146,울산 효자동 123-9,1종 보통,무,DB손해,7,94,95,92,B,
26_862,울산대리점,장병국,010-6131-2720,541114,울산 중앙9길 13,1종 대형,무,KB손해,2,92,98,100,B,
26_863,울산대리점,정하윤,010-6941-6693,921156,울산 강남대로 100,1종 대형,무,KB손해,9,99,92,99,B,
26_864,울산대리점,장병국,010-4482-3361,601055,울산 효자동 123-9,1종 대형,무,현대해상,10,97,98,99,C,
26_865,울산대리점,정하윤,010-4267-8793,511027,울산 강남대로 100,1종 보통,무,DB손해,6,99,92,93,C,
26_866,울산대리점,이서준,010-9970-9045,731043,울산 중앙9길 13,1종 대형,무,현대해상,4,91,99,98,A,
26_867,울산대리점,장성우,010-4251-1627,881054,울산 강남대로 100,1종 보통,무,KB손해,0,93,90,97,B,
26_868,울산대리점,한서아,010-8894-6237,581065,울산 효자동 123-9,1종 보통,무,현대해상,8,92,100,96,C,
26_869,울산대리점,강지수,010-6710-7478,891024,울산 중앙9길 13,1종 대형,무,DB손해,2,93,98,93,C,
26_870,울산대리점,이서준,010-8483-9032,611077,울산 효자동 123-9,2종 보통,무,DB손해,0,100,91,99,A,
26_871,울산대리점,박도현,010-8046-2761,661034,울산 중앙9길 13,1종 보통,무,DB손해,0,99,90,100,C,
26_872,울산대리점,한서아,010-7549-4543,781148,울산 강남대로 100,1종 대형,무,DB손해,0,93,100,95,B,
26_873,울산대리점,장병국,010-1883-1384,521016,울산 중앙9길 13,1종 대형,무,DB손해,7,92,93,98,C,
26_874,울산대리점,정하윤,010-7559-6971,651013,울산 효자동 123-9,1종 대형,무,KB손해,9,98,97,96,C,
26_875,울산대리점,송지아,010-6107-2890,601047,울산 강남대로 100,1종 대형,무,현대해상,4,96,90,100,C,
26_876,울산대리점,박도현,010-4640-2523,651109,울산 효자동 123-9,2종 보통,무,KB손해,0,99,94,98,A,
26_877,울산대리점,김민준,010-8085-6485,581188,울산 강남대로 100,1종 대형,무,현대해상,7,95,100,90,A,
26_878,울산대리점,김민준,010-4362-5485,891052,울산 중앙9길 13,1종 대형,무,KB손해,0,93,92,99,C,
26_879,울산대리점,한서아,010-1776-3586,901017,울산 강남대로 100,1종 보통,무,KB손해,0,91,91,99,A,
26_880,울산대리점,최이안,010-1689-1327,511082,울산 중앙9길 13,1종 대형,무,KB손해,0,99,96,100,B,
26_881,울산대리점,최이안,010-7472-7991,711072,울산 중앙9길 13,1종 대형,무,DB손해,3,97,97,92,C,
26_882,울산대리점,송지아,010-9303-2650,671127,울산 중앙9길 13,1종 보통,무,DB손해,8,100,98,97,B,
26_883,울산대리점,정하윤,010-5773-5979,681085,울산 중앙9길 13,1종 보통,무,DB손해,0,90,99,92,B,
26_884,울산대리점,장병국,010-6459-4344,821121,울산 효자동 123-9,2종 보통,무,KB손해,8,91,99,96,B,
26_885,울산대리점,이서준,010-6713-2414,641208,울산 효자동 123-9,1종 대형,무,DB손해,8,90,90,93,A,
26_886,울산대리점,박도현,010-1814-6318,611138,울산 강남대로 100,2종 보통,무,KB손해,4,92,90,94,B,
26_887,울산대리점,정하윤,010-4581-8755,981203,울산 중앙9길 13,2종 보통,무,KB손해,2,94,91,91,A,
26_888,울산대리점,장성우,010-9948-5836,661088,울산 효자동 123-9,1종 대형,무,현대해상,4,96,95,90,A,
26_889,울산대리점,최이안,010-2152-5213,871165,울산 중앙9길 13,1종 보통,무,현대해상,5,99,100,95,A,
26_890,울산대리점,장병국,010-6942-2434,501161,울산 효자동 123-9,2종 보통,무,DB손해,1,96,97,90,C,
26_891,울산대리점,장병국,010-6652-7570,701115,울산 강남대로 100,1종 보통,무,KB손해,6,99,95,93,C,
26_892,울산대리점,송지아,010-8121-9086,611011,울산 강남대로 100,2종 보통,무,현대해상,0,93,100,90,A,
26_893,울산대리점,박도현,010-1461-7467,581024,울산 강남대로 100,1종 보통,무,DB손해,8,100,98,91,A,
26_894,울산대리점,장병국,010-3552-1032,771008,울산 강남대로 100,1종 대형,무,현대해상,6,98,99,94,A,
26_895,울산대리점,김민준,010-3483-4599,571142,울산 중앙9길 13,1종 보통,무,DB손해,5,96,95,95,A,
26_896,울산대리점,장성우,010-4484-4197,841177,울산 중앙9길 13,1종 대형,무,KB손해,1,99,96,100,B,
26_897,울산대리점,김민준,010-7808-1033,841086,울산 강남대로 100,1종 보통,무,현대해상,8,98,100,99,C,
26_898,울산대리점,한서아,010-1324-6680,841029,울산 중앙9길 13,1종 대형,무,현대해상,4,90,93,93,C,
26_899,울산대리점,장성우,010-8739-6463,921072,울산 중앙9길 13,2종 보통,무,KB손해,3,91,93,94,A,
26_900,울산대리점,김민준,010-1726-8658,991167,울산 중앙9길 13,1종 대형,무,DB손해,3,99,93,95,A,
26_901,세종대리점,강지수,010-8002-5809,851218,세종 중앙9길 13,1종 대형,무,DB손해,1,90,98,99,C,
26_902,세종대리점,박도현,010-2393-1298,941040,세종 중앙9길 13,2종 보통,무,KB손해,1,97,100,93,A,
26_903,세종대리점,한서아,010-4223-9799,911215,세종 효자동 123-9,1종 대형,무,KB손해,3,90,94,94,C,
26_904,세종대리점,이서준,010-9402-7873,501050,세종 중앙9길 13,2종 보통,무,현대해상,9,95,98,90,B,
26_905,세종대리점,최이안,010-2350-2179,611005,세종 효자동 123-9,2종 보통,무,KB손해,5,93,96,97,B,
26_906,세종대리점,김민준,010-9044-3041,941009,세종 효자동 123-9,2종 보통,무,DB손해,5,100,94,96,A,
26_907,세종대리점,송지아,010-1248-8835,871224,세종 중앙9길 13,1종 보통,무,DB손해,0,92,90,91,C,
26_908,세종대리점,장병국,010-1056-3460,781219,세종 강남대로 100,1종 대형,무,KB손해,2,99,90,96,A,
26_909,세종대리점,강지수,010-8559-4295,641089,세종 효자동 123-9,1종 대형,무,DB손해,10,100,97,92,C,
26_910,세종대리점,강지수,010-7414-2550,501089,세종 효자동 123-9,1종 보통,무,KB손해,1,95,99,100,B,
26_911,세종대리점,송지아,010-5063-9269,761008,세종 강남대로 100,1종 보통,무,현대해상,1,92,97,99,B,
26_912,세종대리점,박도현,010-9208-3945,791173,세종 강남대로 100,1종 보통,무,현대해상,10,99,94,97,C,
26_913,세종대리점,장성우,010-5224-1790,901224,세종 효자동 123-9,1종 대형,무,KB손해,2,90,98,92,A,
26_914,세종대리점,장병국,010-9979-9932,541174,세종 중앙9길 13,1종 보통,무,KB손해,4,97,95,93,B,
26_915,세종대리점,장병국,010-7263-5344,771110,세종 효자동 123-9,1종 대형,무,DB손해,4,98,92,95,C,
26_916,세종대리점,최이안,010-5093-8211,781199,세종 효자동 123-9,2종 보통,무,KB손해,2,96,99,99,A,
26_917,세종대리점,이서준,010-8829-5584,561021,세종 효자동 123-9,2종 보통,무,DB손해,2,98,95,98,B,
26_918,세종대리점,최이안,010-3912-5218,861105,세종 중앙9길 13,1종 보통,무,현대해상,2,96,94,100,B,
26_919,세종대리점,강지수,010-2282-1315,691035,세종 중앙9길 13,1종 대형,무,현대해상,4,95,100,100,B,
26_920,세종대리점,장병국,010-8889-1759,771200,세종 중앙9길 13,1종 대형,무,현대해상,6,98,92,93,B,
26_921,세종대리점,한서아,010-8229-3632,921214,세종 효자동 123-9,1종 대형,무,현대해상,7,100,97,92,A,
26_922,세종대리점,박도현,010-8795-9016,941147,세종 강남대로 100,1종 대형,무,KB손해,4,96,93,93,B,
26_923,세종대리점,박도현,010-4829-5405,551218,세종 강남대로 100,1종 보통,무,KB손해,2,93,99,99,C,
26_924,세종대리점,정하윤,010-1564-2033,691205,세종 중앙9길 13,1종 대형,무,KB손해,6,98,93,98,A,
26_925,세종대리점,강지수,010-8277-2850,991159,세종 강남대로 100,2종 보통,무,KB손해,8,91,96,99,A,
26_926,세종대리점,정하윤,010-2581-5115,571094,세종 효자동 123-9,1종 보통,무,현대해상,8,95,98,96,C,
26_927,세종대리점,정하윤,010-8308-9578,811100,세종 강남대로 100,1종 대형,무,현대해상,3,97,96,90,A,
26_928,세종대리점,장성우,010-7313-2906,851109,세종 중앙9길 13,1종 대형,무,KB손해,2,97,97,93,C,
26_929,세종대리점,김민준,010-4584-7120,711154,세종 강남대로 100,2종 보통,무,현대해상,9,94,99,98,B,
26_930,세종대리점,장성우,010-7484-8027,611001,세종 강남대로 100,1종 보통,무,현대해상,3,92,93,94,C,
26_931,세종대리점,박도현,010-6654-7265,931109,세종 중앙9길 13,1종 대형,무,DB손해,5,94,90,94,C,
26_932,세종대리점,박도현,010-5018-8626,651040,세종 중앙9길 13,2종 보통,무,KB손해,5,91,91,97,C,
26_933,세종대리점,송지아,010-5009-8451,621087,세종 중앙9길 13,1종 대형,무,KB손해,5,100,93,94,C,
26_934,세종대리점,강지수,010-8719-2499,511207,세종 강남대로 100,1종 대형,무,현대해상,9,90,94,92,A,
26_935,세종대리점,최이안,010-8856-3158,571099,세종 효자동 123-9,1종 보통,무,KB손해,10,95,96,100,B,
26_936,세종대리점,장성우,010-3884-3770,611054,세종 효자동 123-9,2종 보통,무,KB손해,2,99,94,95,B,
26_937,세종대리점,한서아,010-1011-1665,621166,세종 효자동 123-9,2종 보통,무,DB손해,2,94,90,96,A,
26_938,세종대리점,장성우,010-6713-7945,791107,세종 강남대로 100,1종 보통,무,KB손해,6,99,99,90,A,
26_939,세종대리점,강지수,010-9086-5903,671138,세종 강남대로 100,1종 보통,무,DB손해,3,97,93,92,C,
26_940,세종대리점,강지수,010-8335-2514,751113,세종 중앙9길 13,2종 보통,무,KB손해,8,95,99,94,A,
26_941,세종대리점,정하윤,010-5481-9185,671085,세종 효자동 123-9,1종 대형,무,KB손해,8,97,100,96,C,
26_942,세종대리점,정하윤,010-1006-8989,571105,세종 강남대로 100,1종 대형,무,KB손해,8,91,92,97,C,
26_943,세종대리점,강지수,010-8880-5484,651012,세종 효자동 123-9,1종 대형,무,KB손해,3,94,97,92,A,
26_944,세종대리점,최이안,010-5508-4535,701045,세종 강남대로 100,2종 보통,무,현대해상,8,91,90,99,B,
26_945,세종대리점,김민준,010-8155-1994,681059,세종 강남대로 100,2종 보통,무,현대해상,10,99,95,90,A,
26_946,세종대리점,장병국,010-3478-2973,981162,세종 중앙9길 13,1종 보통,무,현대해상,0,93,100,92,B,
26_947,세종대리점,정하윤,010-5452-4874,851201,세종 중앙9길 13,1종 보통,무,DB손해,7,91,97,94,C,
26_948,세종대리점,김민준,010-1859-2429,691107,세종 강남대로 100,1종 대형,무,현대해상,2,90,98,94,C,
26_949,세종대리점,한서아,010-9006-6480,531179,세종 중앙9길 13,2종 보통,무,KB손해,8,99,93,99,A,
26_950,세종대리점,정하윤,010-4006-1639,681151,세종 효자동 123-9,1종 보통,무,KB손해,8,100,95,91,C,
26_951,세종대리점,김민준,010-6822-6236,751219,세종 중앙9길 13,1종 보통,무,KB손해,3,95,93,97,C,
26_952,세종대리점,최이안,010-1773-5986,551191,세종 효자동 123-9,2종 보통,무,KB손해,5,94,91,90,A,
26_953,세종대리점,이서준,010-2794-8382,851121,세종 강남대로 100,1종 보통,무,DB손해,10,94,95,94,A,
26_954,세종대리점,강지수,010-8900-9816,621114,세종 효자동 123-9,1종 대형,무,DB손해,9,93,90,96,C,
26_955,세종대리점,한서아,010-3785-6615,871051,세종 강남대로 100,1종 보통,무,DB손해,2,96,99,97,A,
26_956,세종대리점,정하윤,010-2952-1723,991026,세종 중앙9길 13,1종 보통,무,KB손해,10,97,92,93,A,
26_957,세종대리점,김민준,010-4247-9297,761128,세종 강남대로 100,2종 보통,무,KB손해,9,94,91,97,C,
26_958,세종대리점,박도현,010-6741-8014,711040,세종 중앙9길 13,1종 대형,무,KB손해,4,91,95,100,C,
26_959,세종대리점,박도현,010-9267-8889,781029,세종 중앙9길 13,1종 보통,무,KB손해,5,96,96,97,C,
26_960,세종대리점,한서아,010-3073-6609,961090,세종 강남대로 100,2종 보통,무,DB손해,0,97,97,99,A,
26_961,세종대리점,이서준,010-8914-1149,531099,세종 중앙9길 13,1종 대형,무,KB손해,9,96,90,94,C,
26_962,세종대리점,장성우,010-6092-6929,991084,세종 효자동 123-9,1종 보통,무,KB손해,2,96,95,94,C,
26_963,세종대리점,최이안,010-4846-8451,961163,세종 중앙9길 13,1종 대형,무,KB손해,3,95,97,97,C,
26_964,세종대리점,박도현,010-9381-7401,571152,세종 중앙9길 13,1종 보통,무,DB손해,10,98,90,100,C,
26_965,세종대리점,김민준,010-2114-1765,791197,세종 중앙9길 13,1종 대형,무,현대해상,10,93,94,94,A,
26_966,세종대리점,박도현,010-4986-4818,711209,세종 효자동 123-9,1종 대형,무,현대해상,7,97,98,93,C,
26_967,세종대리점,장성우,010-5026-8792,661006,세종 중앙9길 13,1종 보통,무,KB손해,10,100,98,100,B,
26_968,세종대리점,장병국,010-7768-2866,861055,세종 효자동 123-9,1종 대형,무,DB손해,10,92,97,95,A,
26_969,세종대리점,김민준,010-7536-2366,851215,세종 강남대로 100,1종 보통,무,DB손해,4,95,93,93,B,
26_970,세종대리점,박도현,010-1672-9945,641125,세종 효자동 123-9,1종 대형,무,DB손해,1,90,93,99,B,
26_971,세종대리점,박도현,010-8915-3062,871142,세종 중앙9길 13,1종 보통,무,KB손해,8,93,91,98,B,
26_972,세종대리점,송지아,010-1979-3570,671195,세종 효자동 123-9,1종 보통,무,DB손해,1,93,94,95,C,
26_973,세종대리점,한서아,010-4117-9280,501047,세종 효자동 123-9,1종 보통,무,KB손해,10,96,98,100,A,
26_974,세종대리점,강지수,010-5043-2944,921207,세종 중앙9길 13,1종 보통,무,DB손해,3,92,90,100,B,
26_975,세종대리점,박도현,010-4960-1984,661089,세종 강남대로 100,2종 보통,무,현대해상,8,100,93,99,B,
26_976,세종대리점,최이안,010-9666-5865,881096,세종 강남대로 100,2종 보통,무,KB손해,5,95,91,100,C,
26_977,세종대리점,이서준,010-9968-7556,601065,세종 효자동 123-9,1종 보통,무,KB손해,1,90,92,90,C,
26_978,세종대리점,정하윤,010-8517-7740,811091,세종 효자동 123-9,1종 보통,무,DB손해,1,90,98,95,B,
26_979,세종대리점,송지아,010-9753-4661,571116,세종 중앙9길 13,1종 보통,무,현대해상,4,90,98,97,A,
26_980,세종대리점,강지수,010-2884-8803,691117,세종 강남대로 100,2종 보통,무,현대해상,10,90,92,91,A,
26_981,세종대리점,정하윤,010-1010-6226,791081,세종 중앙9길 13,1종 대형,무,DB손해,2,93,96,99,C,
26_982,세종대리점,김민준,010-9037-8788,651204,세종 강남대로 100,1종 보통,무,KB손해,9,100,100,93,C,
26_983,세종대리점,최이안,010-4826-7227,561182,세종 강남대로 100,2종 보통,무,DB손해,1,96,97,96,B,
26_984,세종대리점,김민준,010-3157-4399,771070,세종 효자동 123-9,1종 보통,무,DB손해,8,99,97,98,B,
26_985,세종대리점,김민준,010-3106-8385,771142,세종 효자동 123-9,2종 보통,무,DB손해,0,98,98,99,B,
26_986,세종대리점,김민준,010-5303-1447,951110,세종 효자동 123-9,1종 보통,무,DB손해,2,100,97,95,C,
26_987,세종대리점,한서아,010-8538-3726,781132,세종 중앙9길 13,1종 보통,무,KB손해,3,100,91,97,C,
26_988,세종대리점,박도현,010-5165-3244,831150,세종 효자동 123-9,1종 보통,무,KB손해,6,93,98,99,A,
26_989,세종대리점,김민준,010-4285-9929,891021,세종 강남대로 100,2종 보통,무,DB손해,3,93,91,100,C,
26_990,세종대리점,한서아,010-3271-1213,621157,세종 중앙9길 13,1종 보통,무,DB손해,0,90,98,91,B,
26_991,세종대리점,송지아,010-5690-1498,811046,세종 강남대로 100,2종 보통,무,현대해상,9,92,90,91,C,
26_992,세종대리점,박도현,010-6115-5307,671014,세종 강남대로 100,1종 보통,무,현대해상,10,94,91,90,A,
26_993,세종대리점,강지수,010-7922-9388,741162,세종 강남대로 100,2종 보통,무,DB손해,3,94,93,92,C,
26_994,세종대리점,장성우,010-8231-5748,701129,세종 효자동 123-9,1종 보통,무,현대해상,7,93,99,97,B,
26_995,세종대리점,강지수,010-8010-3832,601189,세종 효자동 123-9,2종 보통,무,현대해상,4,96,93,100,C,
26_996,세종대리점,송지아,010-6760-1361,571106,세종 효자동 123-9,2종 보통,무,DB손해,4,96,98,96,C,
26_997,세종대리점,장성우,010-5439-6787,691222,세종 효자동 123-9,1종 대형,무,DB손해,8,93,95,100,C,
26_998,세종대리점,김민준,010-8974-6918,791230,세종 중앙9길 13,1종 보통,무,DB손해,7,98,97,99,C,
26_999,세종대리점,장병국,010-8485-2892,681224,세종 효자동 123-9,1종 보통,무,KB손해,6,92,98,92,C,
26_1000,세종대리점,한서아,010-9526-4048,751181,세종 중앙9길 13,1종 보통,무,KB손해,0,93,98,97,B,
